,Item_Outlet_Sales,Item_Identifier,Outlet_Identifier
0,1113.5786,,
1,1287.1075,,
2,327.08694,,
3,1925.1067,,
4,6036.797,,
5,1813.4498,,
6,481.18442,,
7,1504.5511,,
8,1118.8514,,
9,2408.219,,
10,1813.967,,
11,1594.0271,,
12,140.33807,,
13,2271.9272,,
14,718.9939,,
15,2247.2432,,
16,3858.987,,
17,2848.2363,,
18,3315.3962,,
19,634.0222,,
20,3296.683,,
21,3582.5222,,
22,772.0415,,
23,279.57367,,
24,3035.1243,,
25,303.92145,,
26,622.0357,,
27,2308.8284,,
28,4084.9536,,
29,2230.2524,,
30,20.959536,,
31,2512.9177,,
32,335.71002,,
33,4775.0625,,
34,1702.5609,,
35,4778.157,,
36,2351.0796,,
37,734.438,,
38,3868.3826,,
39,1612.8276,,
40,1572.4976,,
41,210.8901,,
42,2741.556,,
43,1940.661,,
44,634.95483,,
45,1915.7312,,
46,132.48067,,
47,3218.5156,,
48,3521.291,,
49,1939.7218,,
50,727.06323,,
51,1682.6552,,
52,2994.0354,,
53,1868.8965,,
54,4507.0146,,
55,2956.4143,,
56,3733.9634,,
57,671.1233,,
58,506.87094,,
59,1194.8048,,
60,2437.539,,
61,3512.8662,,
62,3328.7773,,
63,1431.6909,,
64,2847.537,,
65,2486.5527,,
66,2626.3604,,
67,4903.9277,,
68,3589.233,,
69,4217.564,,
70,3008.6814,,
71,2794.9548,,
72,2027.0605,,
73,5317.512,,
74,2420.799,,
75,2604.483,,
76,292.1515,,
77,3079.8281,,
78,339.69598,,
79,2454.34,,
80,2699.9233,,
81,848.0808,,
82,1825.571,,
83,3179.8716,,
84,2925.043,,
85,1531.6924,,
86,4717.719,,
87,3094.7007,,
88,717.6589,,
89,516.2919,,
90,2931.4385,,
91,5269.426,,
92,3108.237,,
93,1698.621,,
94,1782.0898,,
95,761.7136,,
96,1884.4814,,
97,2137.97,,
98,3203.5999,,
99,892.9111,,
100,2248.838,,
101,1574.1511,,
102,3200.0994,,
103,2048.9011,,
104,442.35156,,
105,6452.985,,
106,409.23242,,
107,957.8269,,
108,1485.1003,,
109,4066.372,,
110,317.66302,,
111,3524.081,,
112,79.27608,,
113,6380.2964,,
114,1536.2915,,
115,2385.3672,,
116,706.5024,,
117,1525.8726,,
118,1101.2839,,
119,1425.5217,,
120,5008.2246,,
121,418.75424,,
122,1888.549,,
123,1785.3113,,
124,4220.3247,,
125,5156.7593,,
126,1938.3167,,
127,696.80115,,
128,1545.4834,,
129,1362.0297,,
130,3246.0605,,
131,1916.6592,,
132,1836.7545,,
133,64.80952,,
134,1282.8678,,
135,280.6005,,
136,341.83957,,
137,1027.809,,
138,213.53183,,
139,2264.359,,
140,-432.7433,,
141,736.54126,,
142,1672.9773,,
143,2287.298,,
144,1325.4993,,
145,1661.7659,,
146,2362.7231,,
147,4183.019,,
148,1710.5295,,
149,1469.822,,
150,1994.9929,,
151,5033.252,,
152,488.54605,,
153,5509.9785,,
154,2434.8025,,
155,2171.645,,
156,580.6471,,
157,1061.2311,,
158,1196.9731,,
159,1026.8035,,
160,1709.066,,
161,3161.374,,
162,4421.1494,,
163,3812.2031,,
164,1117.2845,,
165,160.27606,,
166,2269.4958,,
167,2440.6155,,
168,2732.3325,,
169,-88.8382,,
170,3010.6445,,
171,2873.3774,,
172,-74.86932,,
173,92.21776,,
174,2232.9092,,
175,2253.5708,,
176,3126.3943,,
177,5224.667,,
178,919.06274,,
179,5686.0264,,
180,1749.89,,
181,2878.9917,,
182,3349.9756,,
183,995.1202,,
184,250.76923,,
185,1784.7548,,
186,3210.9697,,
187,3514.0479,,
188,3985.9297,,
189,2946.5916,,
190,1685.7505,,
191,2974.3958,,
192,2111.934,,
193,740.99274,,
194,850.7501,,
195,3970.8188,,
196,310.2152,,
197,4139.345,,
198,2590.9958,,
199,261.72272,,
200,3008.4272,,
201,1888.3458,,
202,3096.9243,,
203,2608.175,,
204,1907.7626,,
205,1639.0016,,
206,5551.657,,
207,1945.4476,,
208,2983.1633,,
209,1900.4161,,
210,3129.3115,,
211,122.88903,,
212,3382.3538,,
213,1133.789,,
214,5146.7603,,
215,1845.0487,,
216,232.3195,,
217,6476.183,,
218,2549.6755,,
219,4395.0376,,
220,680.22626,,
221,2491.9968,,
222,3452.8188,,
223,2925.4849,,
224,1898.0581,,
225,1147.2139,,
226,2360.3281,,
227,2238.2593,,
228,168.903,,
229,1437.7356,,
230,4961.0015,,
231,825.13904,,
232,1436.6962,,
233,1857.0565,,
234,1065.2166,,
235,1872.2571,,
236,2455.8289,,
237,1875.0526,,
238,525.33887,,
239,3252.201,,
240,261.90274,,
241,3708.6604,,
242,224.47781,,
243,1387.3953,,
244,111.73525,,
245,2361.022,,
246,587.02594,,
247,623.9353,,
248,66.72092,,
249,4534.1455,,
250,4234.86,,
251,665.16125,,
252,158.11884,,
253,1648.3445,,
254,5234.335,,
255,1682.2994,,
256,5127.8994,,
257,4129.524,,
258,1249.5643,,
259,703.07324,,
260,4030.565,,
261,1970.0607,,
262,3029.9321,,
263,4009.2131,,
264,3964.1426,,
265,3871.8557,,
266,2653.923,,
267,3695.032,,
268,2160.9219,,
269,3639.2124,,
270,4027.4834,,
271,1342.8169,,
272,4141.6245,,
273,1903.9011,,
274,751.6736,,
275,1102.9246,,
276,2650.8801,,
277,815.6837,,
278,1991.5491,,
279,1555.6735,,
280,2383.4004,,
281,2106.9136,,
282,2109.6646,,
283,2344.16,,
284,5842.4385,,
285,4422.9326,,
286,153.60263,,
287,1605.8672,,
288,750.22314,,
289,969.3545,,
290,686.1415,,
291,2086.326,,
292,1615.2465,,
293,2322.4812,,
294,3767.8682,,
295,2890.0833,,
296,1880.5203,,
297,2723.159,,
298,305.59967,,
299,534.2453,,
300,219.81813,,
301,3279.3662,,
302,3325.3938,,
303,1708.2136,,
304,1596.4927,,
305,2390.7336,,
306,4432.7456,,
307,1546.2161,,
308,2798.665,,
309,4176.483,,
310,1370.2104,,
311,3595.764,,
312,2103.8237,,
313,2724.8193,,
314,1716.5377,,
315,1150.7058,,
316,3318.8408,,
317,3448.7488,,
318,4385.824,,
319,1674.7214,,
320,1648.8665,,
321,1489.9929,,
322,2722.9924,,
323,2441.0725,,
324,3213.9312,,
325,3391.104,,
326,199.90953,,
327,1964.904,,
328,895.0954,,
329,453.13852,,
330,146.20667,,
331,3304.949,,
332,3856.3315,,
333,131.8393,,
334,1777.7089,,
335,1836.3678,,
336,1118.2875,,
337,1580.1919,,
338,3750.217,,
339,3407.5068,,
340,2299.553,,
341,172.37724,,
342,2511.708,,
343,3391.7183,,
344,1482.4332,,
345,2686.3564,,
346,2504.2952,,
347,5558.2803,,
348,2588.1565,,
349,1609.3844,,
350,2844.955,,
351,692.9031,,
352,274.47754,,
353,627.1352,,
354,5752.102,,
355,3781.215,,
356,2844.4194,,
357,970.43475,,
358,2315.3206,,
359,2542.1438,,
360,27.817528,,
361,2415.2373,,
362,1516.2078,,
363,750.18567,,
364,447.43216,,
365,1774.5776,,
366,1757.226,,
367,1568.4557,,
368,2166.8755,,
369,2783.4062,,
370,4433.1533,,
371,481.23752,,
372,270.1239,,
373,4049.3206,,
374,5790.3057,,
375,1459.4948,,
376,3537.1213,,
377,858.9084,,
378,2883.41,,
379,3842.3757,,
380,1257.9214,,
381,3380.2876,,
382,1458.0337,,
383,111.0592,,
384,1705.9856,,
385,249.21657,,
386,647.2964,,
387,2869.389,,
388,2122.13,,
389,1914.7067,,
390,3115.011,,
391,3690.7336,,
392,1751.2136,,
393,253.00528,,
394,1754.6279,,
395,2697.867,,
396,1201.7292,,
397,2128.1738,,
398,2619.8267,,
399,1046.329,,
400,2192.7976,,
401,725.4796,,
402,2817.4282,,
403,265.34854,,
404,2537.8237,,
405,3304.0205,,
406,914.69617,,
407,3037.51,,
408,1281.3855,,
409,265.31784,,
410,2963.326,,
411,2382.132,,
412,621.7071,,
413,2837.1248,,
414,1761.3164,,
415,214.10796,,
416,3566.3225,,
417,719.75757,,
418,417.0559,,
419,5817.985,,
420,1755.447,,
421,1216.1179,,
422,1136.4282,,
423,2076.1716,,
424,2144.762,,
425,2979.2708,,
426,3932.5315,,
427,1385.9971,,
428,4804.07,,
429,810.91785,,
430,1103.5166,,
431,2929.9058,,
432,173.6253,,
433,1837.8307,,
434,2345.0088,,
435,4137.1353,,
436,89.38839,,
437,1498.2233,,
438,3023.6936,,
439,1816.0693,,
440,1970.2632,,
441,2466.0156,,
442,700.47943,,
443,1438.7456,,
444,2443.3987,,
445,2005.786,,
446,2565.176,,
447,3366.7883,,
448,5311.6367,,
449,2238.7063,,
450,291.95032,,
451,714.21484,,
452,2461.7441,,
453,1924.0431,,
454,2876.332,,
455,1332.3687,,
456,1421.8828,,
457,1254.3542,,
458,2971.0933,,
459,1931.561,,
460,2404.5708,,
461,1349.3568,,
462,923.52576,,
463,2403.6765,,
464,3948.6973,,
465,872.78546,,
466,1489.8744,,
467,608.1937,,
468,4576.858,,
469,1385.8916,,
470,4567.907,,
471,1748.0504,,
472,2035.2362,,
473,189.41943,,
474,82.62659,,
475,879.769,,
476,3218.756,,
477,3581.365,,
478,330.86942,,
479,-99.986,,
480,3935.4858,,
481,1132.7811,,
482,2856.2363,,
483,4407.2686,,
484,3306.8992,,
485,2488.4138,,
486,3994.2449,,
487,2367.7373,,
488,2330.452,,
489,2258.884,,
490,2558.9075,,
491,3151.7637,,
492,2317.5598,,
493,1329.0426,,
494,448.31204,,
495,3117.7688,,
496,1846.636,,
497,3741.9978,,
498,3856.9373,,
499,2565.661,,
500,2377.7063,,
501,341.5517,,
502,926.8874,,
503,3905.3364,,
504,612.0484,,
505,2530.7468,,
506,190.23288,,
507,1917.8564,,
508,2894.7512,,
509,3470.133,,
510,3529.7544,,
511,4107.503,,
512,136.80855,,
513,1716.9916,,
514,2015.5691,,
515,2144.7432,,
516,247.77696,,
517,4535.0063,,
518,2416.4001,,
519,763.9338,,
520,2008.0233,,
521,557.29126,,
522,534.47437,,
523,1931.7834,,
524,4097.1294,,
525,5672.327,,
526,2775.6172,,
527,1854.2054,,
528,467.9779,,
529,3297.8984,,
530,1406.4141,,
531,3220.9521,,
532,1281.0419,,
533,2283.879,,
534,565.2823,,
535,3286.3284,,
536,1897.0751,,
537,5793.371,,
538,2035.1471,,
539,4612.8486,,
540,3334.0615,,
541,522.7205,,
542,1788.3584,,
543,262.83997,,
544,3077.121,,
545,8195.488,,
546,2038.0837,,
547,352.21573,,
548,3845.4014,,
549,4683.642,,
550,932.1435,,
551,1706.636,,
552,331.80728,,
553,3814.22,,
554,1846.9248,,
555,956.5899,,
556,3333.9368,,
557,268.52917,,
558,3210.1267,,
559,3474.7776,,
560,2622.8645,,
561,675.255,,
562,2690.1152,,
563,2999.63,,
564,3551.396,,
565,3218.2607,,
566,4693.1445,,
567,2383.7876,,
568,1799.4838,,
569,3194.9453,,
570,1292.5529,,
571,2699.9412,,
572,1596.4635,,
573,1727.1843,,
574,2672.0957,,
575,320.90503,,
576,167.44032,,
577,866.06525,,
578,225.9595,,
579,2075.5432,,
580,3046.748,,
581,464.86316,,
582,3869.2368,,
583,2620.6763,,
584,1346.0953,,
585,2949.5432,,
586,4191.189,,
587,947.24384,,
588,3133.3323,,
589,2975.2607,,
590,3860.233,,
591,1274.1914,,
592,2328.9673,,
593,3566.2588,,
594,3620.5847,,
595,674.9354,,
596,2351.4604,,
597,1818.3921,,
598,2747.4207,,
599,1932.8004,,
600,3074.8457,,
601,2369.0122,,
602,2591.6807,,
603,1628.269,,
604,2247.5928,,
605,5105.1426,,
606,2053.2566,,
607,1781.1799,,
608,747.52765,,
609,975.55786,,
610,119.42679,,
611,1769.8075,,
612,3072.2625,,
613,3420.383,,
614,1761.4978,,
615,474.4301,,
616,1443.7046,,
617,861.7929,,
618,1017.7565,,
619,124.55124,,
620,580.07434,,
621,160.95197,,
622,1872.8584,,
623,2357.8188,,
624,2939.3184,,
625,2863.6846,,
626,447.5528,,
627,3061.9727,,
628,1516.3483,,
629,810.38104,,
630,1961.7231,,
631,1676.346,,
632,1785.3861,,
633,1165.3578,,
634,1588.2216,,
635,185.19724,,
636,2127.5652,,
637,412.7383,,
638,1277.2494,,
639,3352.3723,,
640,638.7692,,
641,1865.1746,,
642,4641.913,,
643,3092.8984,,
644,2107.3542,,
645,2017.1538,,
646,2102.5957,,
647,2389.9673,,
648,1144.588,,
649,432.9455,,
650,1924.5743,,
651,3691.9434,,
652,1711.7625,,
653,2740.9175,,
654,2433.5764,,
655,3935.5505,,
656,850.8847,,
657,279.36722,,
658,4121.6255,,
659,4242.0195,,
660,2994.3342,,
661,3621.9548,,
662,2999.4995,,
663,3488.8257,,
664,652.4488,,
665,1714.816,,
666,2983.5593,,
667,1319.8995,,
668,2303.5454,,
669,3456.4465,,
670,401.07642,,
671,2425.5798,,
672,3945.531,,
673,1960.6979,,
674,15.351444,,
675,1505.466,,
676,2012.4966,,
677,303.1589,,
678,1814.1036,,
679,2605.8225,,
680,1536.3385,,
681,5591.987,,
682,2035.7007,,
683,244.4111,,
684,2386.7927,,
685,3005.459,,
686,1961.0623,,
687,3104.5098,,
688,3244.2507,,
689,55.13502,,
690,7060.0713,,
691,1501.3429,,
692,1920.4086,,
693,2538.4402,,
694,389.09424,,
695,1749.4336,,
696,5464.4233,,
697,598.0939,,
698,3068.1204,,
699,2720.1077,,
700,5903.3647,,
701,1976.8046,,
702,1688.2373,,
703,768.61224,,
704,1600.2571,,
705,3037.0273,,
706,577.82007,,
707,5070.9497,,
708,3496.675,,
709,3582.6567,,
710,1979.9167,,
711,3102.4722,,
712,3831.6836,,
713,720.54724,,
714,1732.0264,,
715,2515.6956,,
716,2109.6003,,
717,347.76337,,
718,3048.8496,,
719,606.70764,,
720,1479.9133,,
721,785.0814,,
722,85.45265,,
723,2653.071,,
724,2267.913,,
725,2368.9226,,
726,1033.2423,,
727,1387.5137,,
728,5207.491,,
729,2555.0352,,
730,1920.2087,,
731,2045.1664,,
732,3678.3875,,
733,521.1497,,
734,2286.2075,,
735,2398.965,,
736,2935.4634,,
737,795.29877,,
738,4671.0605,,
739,2143.3457,,
740,1936.7532,,
741,2446.4263,,
742,3794.6523,,
743,2293.841,,
744,3794.1528,,
745,2026.0009,,
746,3278.7642,,
747,3490.9705,,
748,5412.51,,
749,727.35864,,
750,5967.6616,,
751,3000.3481,,
752,2265.6038,,
753,875.0677,,
754,2078.727,,
755,2677.793,,
756,2177.313,,
757,1632.9448,,
758,1624.4067,,
759,1477.1398,,
760,5353.666,,
761,1632.3105,,
762,3244.8643,,
763,1452.0109,,
764,3930.0217,,
765,2194.5022,,
766,4905.762,,
767,1834.9939,,
768,2092.9683,,
769,2514.918,,
770,1394.3766,,
771,3459.8252,,
772,2476.879,,
773,108.46922,,
774,497.23376,,
775,3521.4946,,
776,3263.7698,,
777,2435.5867,,
778,2366.9119,,
779,3654.6284,,
780,1235.0966,,
781,1632.6415,,
782,1234.2394,,
783,635.96295,,
784,2719.8796,,
785,203.90198,,
786,1252.6564,,
787,2960.532,,
788,601.65936,,
789,2242.2764,,
790,2214.9778,,
791,2095.9277,,
792,497.98843,,
793,4248.753,,
794,1895.6763,,
795,987.06445,,
796,3597.942,,
797,855.752,,
798,2411.8293,,
799,874.4575,,
800,1313.2465,,
801,3404.6636,,
802,2545.0083,,
803,274.95203,,
804,1424.6904,,
805,3568.246,,
806,2795.6907,,
807,3243.7312,,
808,3103.9097,,
809,2273.5178,,
810,2017.7009,,
811,2752.1865,,
812,1202.4733,,
813,1483.3981,,
814,1959.0581,,
815,1668.2688,,
816,2889.8125,,
817,2801.266,,
818,2575.591,,
819,3345.2788,,
820,-13.567159,,
821,4960.4844,,
822,403.7829,,
823,1625.8221,,
824,292.1906,,
825,1547.3608,,
826,1649.8425,,
827,3406.255,,
828,660.83295,,
829,611.737,,
830,1278.1819,,
831,71.71876,,
832,2699.5105,,
833,1548.6447,,
834,2043.489,,
835,2440.54,,
836,3044.8152,,
837,2823.9084,,
838,2500.9917,,
839,601.89545,,
840,3973.2896,,
841,474.17584,,
842,317.05243,,
843,841.20026,,
844,2484.7546,,
845,186.78645,,
846,1171.4778,,
847,664.54926,,
848,1583.9609,,
849,2664.3188,,
850,3517.7573,,
851,4045.3362,,
852,4952.01,,
853,1859.2345,,
854,735.32886,,
855,3919.1572,,
856,1476.2834,,
857,3539.272,,
858,486.49414,,
859,4479.2573,,
860,2036.8821,,
861,5383.054,,
862,1881.8082,,
863,1430.5173,,
864,1844.1237,,
865,432.10403,,
866,8303.794,,
867,2707.3909,,
868,2163.7397,,
869,5265.5474,,
870,2123.1677,,
871,450.3247,,
872,1050.2682,,
873,2784.6206,,
874,2388.05,,
875,216.53506,,
876,1367.7225,,
877,1454.3276,,
878,828.40717,,
879,830.26337,,
880,1705.0365,,
881,5728.0703,,
882,3192.3254,,
883,1012.3484,,
884,5154.166,,
885,3342.5164,,
886,2548.293,,
887,155.91165,,
888,348.26434,,
889,3033.1714,,
890,1070.6539,,
891,2061.019,,
892,1651.882,,
893,3406.0159,,
894,1476.9924,,
895,4028.2183,,
896,3966.26,,
897,1455.5342,,
898,1437.8473,,
899,1672.3918,,
900,739.2399,,
901,1975.5709,,
902,2028.7754,,
903,257.99982,,
904,3086.6692,,
905,2426.5122,,
906,1941.8086,,
907,1427.0181,,
908,2889.2234,,
909,652.49554,,
910,2761.619,,
911,52.159615,,
912,2986.0808,,
913,1754.2109,,
914,1892.1012,,
915,2959.5554,,
916,1528.0724,,
917,2132.0273,,
918,6120.916,,
919,1197.59,,
920,2570.5298,,
921,1994.3418,,
922,2680.2031,,
923,2575.042,,
924,824.0189,,
925,1643.2731,,
926,2105.6157,,
927,3799.3093,,
928,2044.9456,,
929,1740.3888,,
930,252.95844,,
931,4731.7646,,
932,3764.6562,,
933,1958.1913,,
934,4589.694,,
935,1819.5232,,
936,249.57532,,
937,2287.9675,,
938,499.34497,,
939,5429.4443,,
940,5718.373,,
941,2021.3071,,
942,2357.3157,,
943,221.01234,,
944,1268.5477,,
945,245.27724,,
946,471.70694,,
947,628.4938,,
948,2251.48,,
949,838.4588,,
950,2652.828,,
951,4131.322,,
952,1227.5483,,
953,2100.3406,,
954,962.0104,,
955,1321.4115,,
956,1267.4545,,
957,2995.3005,,
958,841.288,,
959,2756.3062,,
960,1863.4794,,
961,4253.249,,
962,2415.6995,,
963,666.01825,,
964,1477.8584,,
965,1781.5146,,
966,2666.612,,
967,3834.2424,,
968,2697.9312,,
969,230.56973,,
970,5806.053,,
971,2183.6738,,
972,4929.7925,,
973,2665.6646,,
974,601.65936,,
975,3694.3289,,
976,894.8026,,
977,1740.428,,
978,3220.2961,,
979,1539.1508,,
980,1499.3516,,
981,980.1515,,
982,2674.2048,,
983,4547.997,,
984,3576.5854,,
985,1644.4962,,
986,3928.1895,,
987,888.86456,,
988,930.7871,,
989,3521.5059,,
990,1705.3356,,
991,1397.4711,,
992,3224.6372,,
993,3325.4106,,
994,7953.014,,
995,3530.937,,
996,2156.7751,,
997,1580.922,,
998,2437.688,,
999,1263.0168,,
1000,3084.4597,,
1001,2705.3774,,
1002,3185.6084,,
1003,4007.3398,,
1004,1746.9913,,
1005,1593.1671,,
1006,3132.8792,,
1007,1745.2401,,
1008,2866.6592,,
1009,5331.645,,
1010,1861.7721,,
1011,293.75336,,
1012,2004.0999,,
1013,1190.3784,,
1014,1203.3496,,
1015,1804.7749,,
1016,1340.5559,,
1017,3135.5693,,
1018,1976.6477,,
1019,3014.4875,,
1020,6340.7446,,
1021,2121.9543,,
1022,3598.448,,
1023,107.90559,,
1024,520.3685,,
1025,797.2398,,
1026,6053.251,,
1027,3241.9482,,
1028,3039.959,,
1029,3289.1465,,
1030,1138.1495,,
1031,1998.7662,,
1032,3851.417,,
1033,1116.9148,,
1034,1678.6265,,
1035,4084.1553,,
1036,4950.355,,
1037,1622.0858,,
1038,4864.956,,
1039,2022.4672,,
1040,3302.1914,,
1041,2553.7585,,
1042,630.3133,,
1043,4758.9395,,
1044,2516.1304,,
1045,2188.6316,,
1046,329.71198,,
1047,1053.341,,
1048,2385.8608,,
1049,2405.2322,,
1050,1072.7684,,
1051,2507.2866,,
1052,621.3802,,
1053,4520.3184,,
1054,1475.1167,,
1055,2075.2424,,
1056,2707.3682,,
1057,2448.2246,,
1058,2747.8152,,
1059,2111.3108,,
1060,1578.3821,,
1061,2466.8362,,
1062,2141.3948,,
1063,707.6264,,
1064,207.8132,,
1065,7603.132,,
1066,744.3262,,
1067,3774.9744,,
1068,4505.291,,
1069,84.54889,,
1070,690.2506,,
1071,1723.347,,
1072,1228.3328,,
1073,1418.0217,,
1074,4611.016,,
1075,4413.8438,,
1076,741.2939,,
1077,1932.3462,,
1078,1242.9572,,
1079,1176.5226,,
1080,2307.0303,,
1081,1293.3439,,
1082,352.36224,,
1083,3969.5051,,
1084,1079.6324,,
1085,1318.6393,,
1086,1603.137,,
1087,1593.5021,,
1088,2864.378,,
1089,1039.5121,,
1090,3577.8962,,
1091,1572.89,,
1092,3725.6438,,
1093,3846.3167,,
1094,936.48914,,
1095,2486.5527,,
1096,771.382,,
1097,1062.0597,,
1098,5038.3115,,
1099,1250.7573,,
1100,1939.0536,,
1101,1485.0372,,
1102,1492.745,,
1103,599.65216,,
1104,861.4307,,
1105,1852.1434,,
1106,1507.3029,,
1107,2908.5332,,
1108,356.11465,,
1109,3000.6323,,
1110,1895.481,,
1111,2617.5505,,
1112,656.83997,,
1113,3410.7861,,
1114,1830.6145,,
1115,3505.6055,,
1116,2480.9944,,
1117,1802.4868,,
1118,3763.7063,,
1119,4546.455,,
1120,4212.5176,,
1121,3488.7703,,
1122,3386.0703,,
1123,3250.157,,
1124,3003.1172,,
1125,2866.487,,
1126,170.49236,,
1127,686.9818,,
1128,1731.9396,,
1129,1816.7008,,
1130,4102.868,,
1131,1209.1404,,
1132,1574.0637,,
1133,3824.4907,,
1134,565.23267,,
1135,1979.1212,,
1136,2519.264,,
1137,5204.2676,,
1138,1205.4985,,
1139,3174.6836,,
1140,1637.8108,,
1141,1853.139,,
1142,672.71466,,
1143,2442.7385,,
1144,1829.7341,,
1145,175.35695,,
1146,2098.253,,
1147,438.79358,,
1148,1874.038,,
1149,630.911,,
1150,3623.918,,
1151,706.3075,,
1152,3840.9592,,
1153,457.79382,,
1154,3047.9397,,
1155,2500.9312,,
1156,4384.732,,
1157,4344.076,,
1158,1313.0123,,
1159,2211.8567,,
1160,866.00696,,
1161,4065.7893,,
1162,4257.4062,,
1163,1806.9801,,
1164,483.47787,,
1165,2694.2007,,
1166,3569.0945,,
1167,1782.4668,,
1168,1835.1555,,
1169,2019.5476,,
1170,2626.234,,
1171,3194.055,,
1172,3002.7458,,
1173,1880.3483,,
1174,1361.5063,,
1175,2561.515,,
1176,894.9896,,
1177,706.26294,,
1178,2364.2566,,
1179,3031.6926,,
1180,1870.0996,,
1181,1992.2378,,
1182,2468.9624,,
1183,2608.0278,,
1184,2929.8694,,
1185,459.04587,,
1186,1781.2336,,
1187,2243.8345,,
1188,2734.1455,,
1189,1140.7654,,
1190,1162.1311,,
1191,505.39987,,
1192,4300.25,,
1193,3270.3318,,
1194,5509.2803,,
1195,206.17758,,
1196,384.80444,,
1197,886.6796,,
1198,971.51166,,
1199,1613.1476,,
1200,2055.2375,,
1201,2837.1335,,
1202,2574.4646,,
1203,2459.066,,
1204,1441.6644,,
1205,1296.0345,,
1206,2678.4482,,
1207,3614.963,,
1208,788.5136,,
1209,1604.6462,,
1210,3855.2668,,
1211,2889.9976,,
1212,650.4913,,
1213,2317.0493,,
1214,2840.3762,,
1215,1243.0756,,
1216,3228.0425,,
1217,1284.4443,,
1218,1994.5076,,
1219,2003.3717,,
1220,1208.5026,,
1221,5208.702,,
1222,2712.533,,
1223,1674.6079,,
1224,417.98642,,
1225,2751.0168,,
1226,2114.8862,,
1227,1086.9186,,
1228,1537.8428,,
1229,693.4003,,
1230,652.81494,,
1231,1685.9766,,
1232,3470.3516,,
1233,277.60455,,
1234,627.27216,,
1235,2959.7861,,
1236,2713.6267,,
1237,2405.3376,,
1238,372.61716,,
1239,3510.6975,,
1240,2754.2424,,
1241,3431.8281,,
1242,3151.315,,
1243,2301.1323,,
1244,4312.172,,
1245,2476.245,,
1246,2454.0928,,
1247,940.0243,,
1248,4367.4316,,
1249,1403.1322,,
1250,282.40683,,
1251,3807.4058,,
1252,1515.5784,,
1253,1180.9799,,
1254,1769.2737,,
1255,4223.393,,
1256,4.823288,,
1257,2142.2583,,
1258,5726.449,,
1259,359.2934,,
1260,2594.1206,,
1261,2503.7446,,
1262,2559.8945,,
1263,1141.0938,,
1264,513.0729,,
1265,1644.3217,,
1266,2754.5564,,
1267,2063.2444,,
1268,5802.612,,
1269,658.5649,,
1270,409.99103,,
1271,1699.9424,,
1272,1246.1053,,
1273,537.86224,,
1274,3052.606,,
1275,5647.056,,
1276,2835.323,,
1277,3651.698,,
1278,1826.0565,,
1279,824.6031,,
1280,2285.6978,,
1281,3038.9683,,
1282,4019.8792,,
1283,415.9183,,
1284,5317.161,,
1285,1012.445,,
1286,3274.7915,,
1287,47.006035,,
1288,868.2848,,
1289,1682.5559,,
1290,3417.017,,
1291,1998.3027,,
1292,1763.9708,,
1293,2914.7085,,
1294,227.06853,,
1295,934.9496,,
1296,1851.7566,,
1297,1458.4095,,
1298,310.40732,,
1299,2672.4868,,
1300,766.59814,,
1301,488.40662,,
1302,3208.4866,,
1303,1176.9606,,
1304,1335.3685,,
1305,660.1543,,
1306,850.6347,,
1307,878.67377,,
1308,5235.118,,
1309,1973.4884,,
1310,681.1638,,
1311,3755.679,,
1312,2919.8582,,
1313,513.9794,,
1314,3438.671,,
1315,3782.7468,,
1316,1417.5853,,
1317,648.49695,,
1318,2483.869,,
1319,2515.6084,,
1320,3073.274,,
1321,1248.7635,,
1322,1539.9861,,
1323,4080.748,,
1324,2908.6084,,
1325,2702.0505,,
1326,631.2173,,
1327,3635.3887,,
1328,3629.8398,,
1329,317.0406,,
1330,3423.522,,
1331,2458.0417,,
1332,340.51532,,
1333,4214.0728,,
1334,1367.4073,,
1335,692.6384,,
1336,1687.0577,,
1337,2969.7454,,
1338,2977.4136,,
1339,142.06007,,
1340,405.36142,,
1341,1489.5889,,
1342,263.81012,,
1343,2198.066,,
1344,2387.1765,,
1345,536.668,,
1346,1545.3916,,
1347,2453.5554,,
1348,939.78784,,
1349,2680.6272,,
1350,5756.3022,,
1351,2741.6143,,
1352,2625.9856,,
1353,1135.9429,,
1354,1185.1377,,
1355,3155.6536,,
1356,1103.2898,,
1357,2419.9148,,
1358,3909.3013,,
1359,2616.0955,,
1360,5210.723,,
1361,242.20937,,
1362,930.72955,,
1363,352.09622,,
1364,2562.8992,,
1365,2444.8833,,
1366,3688.0796,,
1367,5205.285,,
1368,411.43335,,
1369,1843.7865,,
1370,3176.0,,
1371,2898.8552,,
1372,2274.839,,
1373,2484.0803,,
1374,4342.222,,
1375,5562.503,,
1376,875.51575,,
1377,618.4778,,
1378,2051.3499,,
1379,1875.8815,,
1380,1057.0896,,
1381,2806.7224,,
1382,1864.8945,,
1383,4236.071,,
1384,3150.7734,,
1385,179.20328,,
1386,1617.9854,,
1387,2635.158,,
1388,4514.166,,
1389,2541.4216,,
1390,2972.6062,,
1391,613.7917,,
1392,2994.2744,,
1393,2390.639,,
1394,696.3438,,
1395,2445.825,,
1396,2916.4268,,
1397,2231.894,,
1398,1656.2606,,
1399,840.39905,,
1400,357.1319,,
1401,282.44946,,
1402,1628.8955,,
1403,2193.673,,
1404,1776.8097,,
1405,2265.3254,,
1406,2118.9282,,
1407,2350.2263,,
1408,942.45087,,
1409,1356.5404,,
1410,6663.308,,
1411,510.21603,,
1412,2197.1677,,
1413,2891.662,,
1414,1668.7892,,
1415,4217.083,,
1416,2694.0378,,
1417,1495.0161,,
1418,621.391,,
1419,2963.3413,,
1420,2856.8818,,
1421,1171.9191,,
1422,3600.7866,,
1423,1517.3003,,
1424,2433.1772,,
1425,1446.8683,,
1426,2859.243,,
1427,1006.84314,,
1428,2572.4734,,
1429,685.2858,,
1430,1568.7495,,
1431,2298.6423,,
1432,1034.7948,,
1433,788.91095,,
1434,3108.3496,,
1435,268.67914,,
1436,4058.0745,,
1437,4728.131,,
1438,842.17413,,
1439,1065.7184,,
1440,1576.4059,,
1441,1769.9028,,
1442,1428.0938,,
1443,2457.5176,,
1444,3714.8052,,
1445,450.4839,,
1446,2944.4211,,
1447,4742.854,,
1448,2048.7515,,
1449,3276.2847,,
1450,2433.9124,,
1451,4371.7085,,
1452,775.60364,,
1453,8454.523,,
1454,2390.4536,,
1455,219.30577,,
1456,2544.954,,
1457,5427.636,,
1458,879.0976,,
1459,1686.3466,,
1460,3302.2712,,
1461,2996.8845,,
1462,2751.0845,,
1463,2004.7917,,
1464,609.11865,,
1465,2842.1704,,
1466,4001.409,,
1467,-203.95526,,
1468,2004.7202,,
1469,1096.3582,,
1470,3140.7437,,
1471,1525.7557,,
1472,4736.104,,
1473,4613.4907,,
1474,6693.7144,,
1475,2242.3354,,
1476,1577.1876,,
1477,2537.4338,,
1478,4665.703,,
1479,7023.8726,,
1480,4037.9675,,
1481,1471.1445,,
1482,2706.2058,,
1483,3637.5405,,
1484,1818.4235,,
1485,1075.0883,,
1486,4408.4805,,
1487,43.37037,,
1488,2517.7803,,
1489,2132.8386,,
1490,3779.439,,
1491,3020.532,,
1492,693.4859,,
1493,580.6068,,
1494,303.3339,,
1495,2995.2808,,
1496,708.79,,
1497,724.6086,,
1498,2771.7688,,
1499,2321.199,,
1500,257.1858,,
1501,1711.3263,,
1502,664.7063,,
1503,5265.435,,
1504,1972.1573,,
1505,312.07764,,
1506,3172.0063,,
1507,2080.838,,
1508,2265.254,,
1509,3995.5466,,
1510,298.59875,,
1511,1791.6741,,
1512,2460.4717,,
1513,677.5456,,
1514,2531.1616,,
1515,2444.2256,,
1516,108.09498,,
1517,186.06178,,
1518,-177.80849,,
1519,1914.8799,,
1520,1545.3436,,
1521,566.6967,,
1522,2880.7402,,
1523,3673.5906,,
1524,2833.3506,,
1525,71.82587,,
1526,1109.2776,,
1527,1575.8846,,
1528,723.32947,,
1529,1868.6606,,
1530,187.4534,,
1531,666.3453,,
1532,3109.6523,,
1533,373.91556,,
1534,3759.7944,,
1535,2023.3181,,
1536,2380.1294,,
1537,1663.7662,,
1538,1991.5148,,
1539,1786.0576,,
1540,2669.4883,,
1541,1565.0994,,
1542,711.8436,,
1543,1766.5052,,
1544,499.59402,,
1545,601.7687,,
1546,3435.6538,,
1547,55.786892,,
1548,5619.999,,
1549,2459.8032,,
1550,3378.6135,,
1551,2104.606,,
1552,420.1715,,
1553,2257.7122,,
1554,2063.041,,
1555,2383.1472,,
1556,2163.6443,,
1557,1629.4523,,
1558,1023.33527,,
1559,3327.8176,,
1560,1788.7367,,
1561,1050.2682,,
1562,-448.29715,,
1563,1882.4934,,
1564,279.03558,,
1565,1545.9508,,
1566,2066.4368,,
1567,3273.8562,,
1568,1297.3079,,
1569,2732.7468,,
1570,1073.526,,
1571,4738.0186,,
1572,1217.806,,
1573,3601.229,,
1574,480.42474,,
1575,6401.36,,
1576,2216.2788,,
1577,574.81165,,
1578,1951.0675,,
1579,570.6542,,
1580,1686.476,,
1581,4001.7888,,
1582,2962.188,,
1583,2232.808,,
1584,2469.1846,,
1585,2504.3303,,
1586,3307.642,,
1587,1752.7001,,
1588,934.82416,,
1589,2882.706,,
1590,1596.6052,,
1591,209.33961,,
1592,3473.9082,,
1593,567.19916,,
1594,1825.8209,,
1595,1263.6345,,
1596,4250.389,,
1597,3953.95,,
1598,3432.7373,,
1599,3052.752,,
1600,3102.829,,
1601,1231.4937,,
1602,1152.8094,,
1603,2709.034,,
1604,2915.9944,,
1605,876.67615,,
1606,6776.5283,,
1607,3004.5186,,
1608,2659.4668,,
1609,1281.0568,,
1610,3376.4568,,
1611,152.98563,,
1612,1891.3835,,
1613,3927.2612,,
1614,510.94366,,
1615,3250.843,,
1616,191.25363,,
1617,1867.6592,,
1618,3232.6772,,
1619,997.7934,,
1620,2272.4026,,
1621,3413.74,,
1622,3985.622,,
1623,1569.5057,,
1624,2035.6655,,
1625,1225.3058,,
1626,3017.196,,
1627,2292.9456,,
1628,2909.9294,,
1629,77.97101,,
1630,3063.0925,,
1631,2924.5916,,
1632,1397.9855,,
1633,664.45746,,
1634,3350.5437,,
1635,2039.3536,,
1636,4036.889,,
1637,941.60364,,
1638,4478.1846,,
1639,3876.8318,,
1640,3150.8137,,
1641,4428.3633,,
1642,886.2604,,
1643,2460.148,,
1644,-457.61914,,
1645,2182.8018,,
1646,1505.2117,,
1647,3730.2786,,
1648,373.58453,,
1649,2019.3928,,
1650,1925.419,,
1651,231.78246,,
1652,840.654,,
1653,3949.9258,,
1654,3915.7842,,
1655,840.0246,,
1656,2627.131,,
1657,526.75885,,
1658,1806.0441,,
1659,965.85596,,
1660,3259.2817,,
1661,1548.093,,
1662,4111.552,,
1663,1605.7993,,
1664,502.83893,,
1665,2816.5828,,
1666,5360.682,,
1667,1435.2394,,
1668,4535.1807,,
1669,838.3868,,
1670,3949.74,,
1671,3351.526,,
1672,1352.9019,,
1673,1629.3448,,
1674,971.60944,,
1675,4159.933,,
1676,350.60077,,
1677,2413.2144,,
1678,1444.8623,,
1679,2921.3755,,
1680,1643.2783,,
1681,2295.4714,,
1682,2517.2515,,
1683,1274.1335,,
1684,236.30695,,
1685,4292.423,,
1686,2955.9807,,
1687,3018.5186,,
1688,1266.1808,,
1689,760.3947,,
1690,1520.223,,
1691,563.71136,,
1692,1590.0951,,
1693,3334.0566,,
1694,1856.2854,,
1695,606.7594,,
1696,2577.8782,,
1697,2635.9338,,
1698,2009.9204,,
1699,553.5911,,
1700,5299.1504,,
1701,1155.5098,,
1702,1204.3282,,
1703,1899.6376,,
1704,1992.8973,,
1705,1577.5786,,
1706,5602.736,,
1707,3082.9238,,
1708,3938.764,,
1709,2673.9146,,
1710,117.427475,,
1711,2536.7263,,
1712,2980.63,,
1713,2161.3647,,
1714,4817.999,,
1715,3266.1455,,
1716,3902.3926,,
1717,2519.7236,,
1718,451.36987,,
1719,1171.5525,,
1720,2803.8909,,
1721,2420.925,,
1722,2598.2705,,
1723,1948.4984,,
1724,2744.1062,,
1725,935.8744,,
1726,5573.8076,,
1727,3553.8252,,
1728,2105.3384,,
1729,2028.8455,,
1730,3478.3542,,
1731,3923.2068,,
1732,2027.4515,,
1733,499.7229,,
1734,1563.8324,,
1735,1991.1287,,
1736,2076.5183,,
1737,1914.1364,,
1738,655.37195,,
1739,2748.6772,,
1740,826.6459,,
1741,402.7996,,
1742,2088.0632,,
1743,394.19824,,
1744,334.1702,,
1745,3432.3547,,
1746,653.15466,,
1747,2311.7842,,
1748,2756.198,,
1749,3065.1028,,
1750,5831.665,,
1751,939.7052,,
1752,2645.0286,,
1753,2646.6968,,
1754,2210.7048,,
1755,454.02853,,
1756,3401.7644,,
1757,3353.4287,,
1758,656.407,,
1759,2507.4402,,
1760,4178.7266,,
1761,4019.3594,,
1762,2464.8303,,
1763,2906.3652,,
1764,1142.0144,,
1765,2475.0366,,
1766,3986.518,,
1767,1616.5541,,
1768,2461.5288,,
1769,3522.0005,,
1770,3331.9077,,
1771,2172.6602,,
1772,2859.2761,,
1773,3142.6292,,
1774,3252.817,,
1775,3251.3323,,
1776,1583.4177,,
1777,3084.1255,,
1778,817.1633,,
1779,5235.52,,
1780,830.13763,,
1781,296.57108,,
1782,1602.6332,,
1783,127.60195,,
1784,2489.4573,,
1785,343.35193,,
1786,1931.8616,,
1787,958.3116,,
1788,1857.3983,,
1789,2218.1091,,
1790,145.74501,,
1791,2397.6226,,
1792,3636.2498,,
1793,1898.28,,
1794,1293.1847,,
1795,2502.9934,,
1796,3103.7107,,
1797,1562.0469,,
1798,1577.3376,,
1799,1012.22687,,
1800,1023.8961,,
1801,6736.353,,
1802,1367.6484,,
1803,1142.752,,
1804,2999.1042,,
1805,581.54254,,
1806,2125.991,,
1807,426.29428,,
1808,854.0974,,
1809,3568.7258,,
1810,2875.757,,
1811,3036.927,,
1812,102.31192,,
1813,4522.9014,,
1814,1429.4949,,
1815,938.5737,,
1816,700.0974,,
1817,3488.0212,,
1818,3011.4446,,
1819,399.00848,,
1820,2629.425,,
1821,2150.9514,,
1822,3861.894,,
1823,251.35146,,
1824,632.4955,,
1825,1551.497,,
1826,1472.1389,,
1827,3027.2615,,
1828,3327.5505,,
1829,666.6043,,
1830,389.83823,,
1831,1984.807,,
1832,1090.5724,,
1833,647.2187,,
1834,2515.2734,,
1835,1630.7899,,
1836,187.20795,,
1837,5928.251,,
1838,2071.997,,
1839,2141.7742,,
1840,5213.9546,,
1841,2978.8962,,
1842,2111.3462,,
1843,2986.8777,,
1844,1178.2535,,
1845,1564.3842,,
1846,2546.0085,,
1847,1618.9104,,
1848,1430.0718,,
1849,2513.7007,,
1850,3567.7632,,
1851,2743.4805,,
1852,443.48737,,
1853,4134.1006,,
1854,2512.4817,,
1855,1442.6001,,
1856,2987.3423,,
1857,122.1456,,
1858,3875.2002,,
1859,2655.8323,,
1860,1385.5795,,
1861,4826.5,,
1862,3303.6958,,
1863,2059.6265,,
1864,3620.33,,
1865,2251.0667,,
1866,1889.1393,,
1867,1545.8398,,
1868,861.8684,,
1869,793.94684,,
1870,1920.3694,,
1871,2726.4758,,
1872,252.80598,,
1873,719.40955,,
1874,2637.0015,,
1875,1309.8171,,
1876,4803.5137,,
1877,2899.0347,,
1878,1704.6858,,
1879,2223.5232,,
1880,962.41235,,
1881,2271.0754,,
1882,1458.991,,
1883,4222.031,,
1884,1568.378,,
1885,227.68558,,
1886,2538.6997,,
1887,353.30475,,
1888,3743.0977,,
1889,593.05066,,
1890,990.7286,,
1891,3415.6836,,
1892,1521.0386,,
1893,1493.5204,,
1894,259.12408,,
1895,6244.9185,,
1896,1345.7646,,
1897,2553.6555,,
1898,1693.8092,,
1899,3420.9294,,
1900,3739.291,,
1901,975.9464,,
1902,197.26073,,
1903,3789.9824,,
1904,2243.9292,,
1905,2199.1326,,
1906,4565.8955,,
1907,4753.568,,
1908,3831.805,,
1909,1685.8629,,
1910,2854.736,,
1911,370.9783,,
1912,3894.2957,,
1913,1937.3606,,
1914,3889.7063,,
1915,513.72345,,
1916,642.24927,,
1917,2961.5725,,
1918,1884.5529,,
1919,177.77507,,
1920,2049.4026,,
1921,2103.923,,
1922,2398.154,,
1923,3815.693,,
1924,3437.2246,,
1925,1511.1758,,
1926,2225.3787,,
1927,4039.6377,,
1928,1387.6681,,
1929,1898.5051,,
1930,4638.1,,
1931,351.8283,,
1932,4330.6797,,
1933,1133.6383,,
1934,5485.033,,
1935,2815.1416,,
1936,2290.3586,,
1937,3317.807,,
1938,1481.889,,
1939,652.15546,,
1940,1838.2628,,
1941,1657.2825,,
1942,1144.9666,,
1943,1099.1353,,
1944,980.5169,,
1945,528.4228,,
1946,5200.73,,
1947,3769.0642,,
1948,666.50525,,
1949,523.9962,,
1950,974.553,,
1951,1677.0105,,
1952,4464.7456,,
1953,839.1594,,
1954,2015.1886,,
1955,203.46062,,
1956,2503.3987,,
1957,2595.884,,
1958,607.16095,,
1959,764.01636,,
1960,4067.602,,
1961,1853.2578,,
1962,2300.8135,,
1963,2187.125,,
1964,2318.1248,,
1965,661.6777,,
1966,467.7164,,
1967,2335.8416,,
1968,2060.6494,,
1969,371.68497,,
1970,307.46112,,
1971,2568.1233,,
1972,262.63846,,
1973,-159.9892,,
1974,-4.200094,,
1975,588.93915,,
1976,1551.1361,,
1977,3512.5986,,
1978,2278.4138,,
1979,2686.7678,,
1980,1385.095,,
1981,3741.147,,
1982,786.3463,,
1983,2158.118,,
1984,929.21185,,
1985,2044.1898,,
1986,2756.5283,,
1987,639.232,,
1988,4598.5986,,
1989,569.03284,,
1990,2630.3892,,
1991,2511.4858,,
1992,3019.8118,,
1993,1832.1075,,
1994,4944.5806,,
1995,2534.754,,
1996,3442.7212,,
1997,705.4937,,
1998,2088.3608,,
1999,1806.4324,,
2000,1525.6663,,
2001,621.90485,,
2002,682.5943,,
2003,2989.2493,,
2004,3223.6592,,
2005,3184.561,,
2006,2238.802,,
2007,3540.5325,,
2008,2727.2776,,
2009,2922.1238,,
2010,543.5417,,
2011,3249.8735,,
2012,292.56448,,
2013,1001.8456,,
2014,2438.7922,,
2015,2642.0793,,
2016,682.9954,,
2017,1728.2876,,
2018,4320.1284,,
2019,56.565086,,
2020,2493.2634,,
2021,1805.9078,,
2022,3922.2104,,
2023,1637.8794,,
2024,488.06232,,
2025,2396.401,,
2026,2614.8237,,
2027,849.69135,,
2028,4875.165,,
2029,2873.9338,,
2030,1597.2504,,
2031,1320.9839,,
2032,4907.708,,
2033,1945.4595,,
2034,2271.7275,,
2035,1780.8268,,
2036,3311.095,,
2037,1033.3916,,
2038,802.62537,,
2039,3408.8403,,
2040,2891.9966,,
2041,3106.532,,
2042,1761.3182,,
2043,4351.074,,
2044,2071.416,,
2045,609.3256,,
2046,3072.3125,,
2047,2597.3052,,
2048,2525.3665,,
2049,2587.018,,
2050,2298.3135,,
2051,1218.7872,,
2052,671.68866,,
2053,2759.9407,,
2054,2763.0837,,
2055,572.8973,,
2056,921.16565,,
2057,625.833,,
2058,3829.525,,
2059,1052.5055,,
2060,2665.506,,
2061,2810.944,,
2062,7012.2983,,
2063,1098.0261,,
2064,1498.3208,,
2065,923.79736,,
2066,732.92303,,
2067,874.5356,,
2068,1538.625,,
2069,3432.658,,
2070,2146.679,,
2071,4014.6082,,
2072,391.97513,,
2073,2618.86,,
2074,1578.8927,,
2075,884.16833,,
2076,954.14636,,
2077,4837.4756,,
2078,2319.1414,,
2079,1531.0884,,
2080,1444.1005,,
2081,4585.075,,
2082,422.23236,,
2083,555.07837,,
2084,1480.272,,
2085,1766.0723,,
2086,2077.9993,,
2087,654.26294,,
2088,2901.0664,,
2089,1090.8461,,
2090,3328.8655,,
2091,4144.966,,
2092,1806.7124,,
2093,3034.0806,,
2094,600.0288,,
2095,1194.3746,,
2096,2049.6218,,
2097,2006.7062,,
2098,2248.508,,
2099,2654.5557,,
2100,1252.1754,,
2101,2310.8696,,
2102,1403.5194,,
2103,3301.187,,
2104,5667.133,,
2105,2380.2446,,
2106,199.76872,,
2107,2945.741,,
2108,3299.58,,
2109,2830.0518,,
2110,1461.0383,,
2111,2088.0378,,
2112,398.57495,,
2113,4188.0664,,
2114,825.0503,,
2115,203.32939,,
2116,1980.7223,,
2117,840.8755,,
2118,756.1628,,
2119,3158.3252,,
2120,4487.709,,
2121,2603.1897,,
2122,5022.804,,
2123,5864.4575,,
2124,2668.8625,,
2125,473.73,,
2126,3366.7236,,
2127,2367.7578,,
2128,5746.165,,
2129,2524.1904,,
2130,1364.5304,,
2131,332.14172,,
2132,1467.5449,,
2133,2544.9858,,
2134,1019.3772,,
2135,274.34256,,
2136,3606.363,,
2137,4606.524,,
2138,1019.23584,,
2139,497.8177,,
2140,4056.0217,,
2141,3779.1216,,
2142,3247.0432,,
2143,2690.9602,,
2144,2915.1958,,
2145,2736.1946,,
2146,393.37,,
2147,3284.967,,
2148,4122.636,,
2149,2350.0933,,
2150,2056.1824,,
2151,1469.9071,,
2152,1422.407,,
2153,2493.1147,,
2154,2811.3438,,
2155,1077.626,,
2156,5328.809,,
2157,3135.851,,
2158,2562.7893,,
2159,701.9732,,
2160,2730.6191,,
2161,879.1287,,
2162,645.3517,,
2163,-100.601074,,
2164,1382.1941,,
2165,2094.0535,,
2166,1420.8544,,
2167,151.99916,,
2168,1031.8318,,
2169,5060.0,,
2170,2644.0232,,
2171,1726.7684,,
2172,2275.2969,,
2173,3043.5098,,
2174,1792.1326,,
2175,1249.5786,,
2176,2780.2114,,
2177,2819.5447,,
2178,734.4967,,
2179,126.842,,
2180,235.99174,,
2181,3645.965,,
2182,3502.2893,,
2183,4873.3936,,
2184,1660.0428,,
2185,8225.694,,
2186,215.78577,,
2187,7691.752,,
2188,3049.3025,,
2189,1632.4546,,
2190,803.9406,,
2191,2870.1223,,
2192,3982.412,,
2193,666.8413,,
2194,816.57196,,
2195,2488.2764,,
2196,747.92444,,
2197,3279.9363,,
2198,4318.3267,,
2199,1938.5741,,
2200,4541.4673,,
2201,4077.1694,,
2202,2140.1846,,
2203,647.9498,,
2204,3860.191,,
2205,980.88983,,
2206,1457.6432,,
2207,1885.6052,,
2208,5823.3193,,
2209,2279.3643,,
2210,1719.6005,,
2211,581.60016,,
2212,217.28474,,
2213,689.7316,,
2214,3319.0298,,
2215,2018.4,,
2216,2012.5988,,
2217,5049.814,,
2218,2217.5706,,
2219,3339.6433,,
2220,564.23816,,
2221,5931.1367,,
2222,472.8901,,
2223,2627.8389,,
2224,2287.3855,,
2225,2552.6423,,
2226,1986.7228,,
2227,1536.9751,,
2228,1094.7421,,
2229,1602.5651,,
2230,233.01715,,
2231,6059.015,,
2232,4165.3843,,
2233,990.01575,,
2234,4161.347,,
2235,439.77005,,
2236,3355.2695,,
2237,551.56696,,
2238,4917.207,,
2239,4635.6377,,
2240,190.9631,,
2241,4202.732,,
2242,911.2122,,
2243,1031.9336,,
2244,2226.2551,,
2245,1067.2753,,
2246,3519.737,,
2247,3343.7988,,
2248,5007.32,,
2249,2219.7532,,
2250,329.23654,,
2251,2608.6648,,
2252,2624.5183,,
2253,2297.0125,,
2254,390.1075,,
2255,2916.7083,,
2256,160.6962,,
2257,2814.5425,,
2258,1086.2335,,
2259,3696.2217,,
2260,1313.17,,
2261,823.7771,,
2262,2767.274,,
2263,3278.6384,,
2264,3051.231,,
2265,4541.5093,,
2266,1614.6205,,
2267,5823.641,,
2268,902.3112,,
2269,1024.1023,,
2270,1569.7484,,
2271,3591.4524,,
2272,5075.871,,
2273,5244.24,,
2274,726.34204,,
2275,1355.1309,,
2276,573.5481,,
2277,1144.5343,,
2278,3176.1484,,
2279,2379.4536,,
2280,3734.8865,,
2281,1444.1553,,
2282,1709.6511,,
2283,1350.823,,
2284,2353.621,,
2285,1165.038,,
2286,4639.9155,,
2287,4306.3433,,
2288,2419.5005,,
2289,2884.3086,,
2290,659.46967,,
2291,3400.7686,,
2292,2272.563,,
2293,1000.9566,,
2294,1155.9624,,
2295,325.3043,,
2296,3021.571,,
2297,3558.1367,,
2298,754.64484,,
2299,2863.874,,
2300,2964.9978,,
2301,358.98984,,
2302,580.10114,,
2303,2478.626,,
2304,2018.49,,
2305,5083.847,,
2306,586.9538,,
2307,1949.8052,,
2308,1636.5645,,
2309,539.9055,,
2310,782.2296,,
2311,1339.2262,,
2312,2445.178,,
2313,6095.754,,
2314,2364.5264,,
2315,1897.7119,,
2316,3155.2249,,
2317,3657.4485,,
2318,3315.0645,,
2319,3087.8594,,
2320,3589.296,,
2321,1109.4049,,
2322,2472.3965,,
2323,2786.5427,,
2324,1794.5859,,
2325,7228.517,,
2326,2621.2935,,
2327,1814.6466,,
2328,1642.8589,,
2329,4169.342,,
2330,1505.2976,,
2331,1150.792,,
2332,2599.2961,,
2333,2687.4148,,
2334,2395.0168,,
2335,2022.0939,,
2336,308.7491,,
2337,3614.9126,,
2338,4082.2913,,
2339,761.8365,,
2340,547.91455,,
2341,1507.833,,
2342,830.5877,,
2343,4333.7886,,
2344,2045.0928,,
2345,541.52234,,
2346,3127.938,,
2347,3490.9192,,
2348,1324.5333,,
2349,634.705,,
2350,1669.4175,,
2351,466.58188,,
2352,1209.5267,,
2353,3253.4583,,
2354,3338.0413,,
2355,3321.3545,,
2356,37.98147,,
2357,903.2263,,
2358,2108.7346,,
2359,3540.438,,
2360,3739.5898,,
2361,4223.016,,
2362,337.26956,,
2363,2756.9216,,
2364,506.20456,,
2365,337.95325,,
2366,5438.8276,,
2367,4092.1194,,
2368,1519.0814,,
2369,3099.3005,,
2370,2348.5295,,
2371,908.1776,,
2372,2321.5168,,
2373,2485.9053,,
2374,1937.594,,
2375,911.2902,,
2376,1263.4927,,
2377,1445.7518,,
2378,2136.2024,,
2379,1569.2853,,
2380,365.70297,,
2381,1308.0823,,
2382,1743.0623,,
2383,2833.6938,,
2384,2372.2217,,
2385,2888.8328,,
2386,206.41888,,
2387,3073.0137,,
2388,1262.1603,,
2389,1137.5234,,
2390,757.32715,,
2391,453.11505,,
2392,3932.414,,
2393,259.0045,,
2394,1137.6814,,
2395,791.7103,,
2396,822.1858,,
2397,1489.6587,,
2398,1522.9344,,
2399,3887.6282,,
2400,4125.4023,,
2401,2542.3777,,
2402,1782.5524,,
2403,1444.2916,,
2404,521.6614,,
2405,3163.553,,
2406,4901.919,,
2407,4638.9297,,
2408,198.3555,,
2409,666.6417,,
2410,1578.1256,,
2411,573.0848,,
2412,270.70316,,
2413,2216.9814,,
2414,2774.575,,
2415,3627.2178,,
2416,2695.9648,,
2417,3263.8596,,
2418,1499.4827,,
2419,2371.7795,,
2420,426.47992,,
2421,2196.7666,,
2422,2451.69,,
2423,5315.164,,
2424,2667.2146,,
2425,2633.3982,,
2426,3485.9446,,
2427,3979.5784,,
2428,2555.88,,
2429,3650.309,,
2430,1059.7124,,
2431,872.62,,
2432,2992.0046,,
2433,370.9731,,
2434,2165.675,,
2435,3654.3582,,
2436,2542.0593,,
2437,2636.7122,,
2438,2453.3916,,
2439,2627.6797,,
2440,3321.3596,,
2441,678.62756,,
2442,4205.607,,
2443,2669.0605,,
2444,2253.5017,,
2445,3119.4407,,
2446,2298.9702,,
2447,4003.008,,
2448,2647.153,,
2449,3330.0813,,
2450,3474.865,,
2451,3279.5923,,
2452,503.93207,,
2453,1562.3376,,
2454,2026.4795,,
2455,70.02706,,
2456,1847.6249,,
2457,3510.537,,
2458,672.42004,,
2459,4605.599,,
2460,1070.842,,
2461,1700.4567,,
2462,3002.9365,,
2463,5354.8984,,
2464,3179.0613,,
2465,1376.428,,
2466,911.01447,,
2467,2643.6418,,
2468,1762.0541,,
2469,897.5412,,
2470,732.92303,,
2471,2584.253,,
2472,478.84976,,
2473,2287.4622,,
2474,3313.9785,,
2475,1305.4088,,
2476,579.40356,,
2477,853.494,,
2478,5288.2935,,
2479,419.10434,,
2480,3599.8625,,
2481,1541.0453,,
2482,1951.7238,,
2483,2185.4104,,
2484,2935.1187,,
2485,701.9732,,
2486,2259.3774,,
2487,3083.5745,,
2488,259.93823,,
2489,2805.5325,,
2490,522.8078,,
2491,2797.9077,,
2492,1425.2408,,
2493,4707.9404,,
2494,2137.6685,,
2495,2630.1343,,
2496,1558.8674,,
2497,3277.6792,,
2498,1313.5795,,
2499,273.2669,,
2500,694.2623,,
2501,1400.2812,,
2502,1502.4546,,
2503,674.2015,,
2504,60.663277,,
2505,182.26576,,
2506,2654.4182,,
2507,1284.4677,,
2508,2548.895,,
2509,1760.5372,,
2510,3221.905,,
2511,1507.5244,,
2512,2936.3281,,
2513,2613.3408,,
2514,2298.6406,,
2515,206.24571,,
2516,120.715866,,
2517,1573.7241,,
2518,2036.4971,,
2519,1752.1558,,
2520,5337.9814,,
2521,2607.5237,,
2522,-153.52802,,
2523,1918.1829,,
2524,2072.96,,
2525,2100.6252,,
2526,3664.9666,,
2527,919.06274,,
2528,1764.7699,,
2529,3822.9617,,
2530,3206.123,,
2531,2274.588,,
2532,1338.9602,,
2533,4299.699,,
2534,550.3015,,
2535,2011.8436,,
2536,1417.4362,,
2537,1337.1436,,
2538,3281.7092,,
2539,3929.5547,,
2540,1438.7819,,
2541,813.6633,,
2542,3462.342,,
2543,2995.9316,,
2544,2794.879,,
2545,1156.7358,,
2546,2687.0361,,
2547,4681.0645,,
2548,2670.6575,,
2549,3909.9521,,
2550,2967.486,,
2551,3605.49,,
2552,3180.0376,,
2553,3711.7603,,
2554,468.59775,,
2555,4527.072,,
2556,3673.1833,,
2557,1661.8588,,
2558,1387.3477,,
2559,3152.8167,,
2560,1918.5317,,
2561,200.4753,,
2562,3493.093,,
2563,1554.3793,,
2564,2987.9543,,
2565,2102.7039,,
2566,549.8514,,
2567,5657.5723,,
2568,-19.901419,,
2569,1685.7502,,
2570,2443.7969,,
2571,2106.4265,,
2572,1519.2515,,
2573,1634.9036,,
2574,2460.3882,,
2575,758.6924,,
2576,3516.1,,
2577,3598.9648,,
2578,4757.1353,,
2579,2795.3015,,
2580,1539.5813,,
2581,2312.7065,,
2582,694.1595,,
2583,1295.5842,,
2584,620.9654,,
2585,2479.7798,,
2586,5806.9224,,
2587,4781.5527,,
2588,4495.72,,
2589,4109.344,,
2590,2023.7334,,
2591,1338.5221,,
2592,1249.5786,,
2593,1186.8518,,
2594,2989.2158,,
2595,1427.5276,,
2596,1926.0386,,
2597,400.0648,,
2598,1942.9305,,
2599,2319.2612,,
2600,262.3094,,
2601,1977.9055,,
2602,1823.3638,,
2603,2357.5405,,
2604,2670.451,,
2605,249.54771,,
2606,1875.9559,,
2607,2767.8792,,
2608,1926.9089,,
2609,68.26669,,
2610,695.58435,,
2611,1663.6515,,
2612,3970.181,,
2613,1563.2451,,
2614,1517.5176,,
2615,2079.9343,,
2616,1169.0653,,
2617,4110.8096,,
2618,3129.7188,,
2619,1916.2876,,
2620,2969.956,,
2621,269.70966,,
2622,418.06506,,
2623,4029.6987,,
2624,4327.758,,
2625,341.66833,,
2626,621.952,,
2627,2221.003,,
2628,326.60782,,
2629,1235.7496,,
2630,2006.2523,,
2631,4082.5688,,
2632,1452.8671,,
2633,2076.1633,,
2634,8845.432,,
2635,1703.5496,,
2636,4265.451,,
2637,1431.515,,
2638,577.0831,,
2639,2256.5923,,
2640,2359.6487,,
2641,316.37067,,
2642,1310.2687,,
2643,2365.381,,
2644,2995.7178,,
2645,1295.9749,,
2646,2746.2468,,
2647,1237.2784,,
2648,596.235,,
2649,4952.5864,,
2650,475.40195,,
2651,3278.2053,,
2652,-27.689423,,
2653,3060.393,,
2654,4821.5625,,
2655,3031.3037,,
2656,1858.2661,,
2657,3248.1687,,
2658,2412.3962,,
2659,1692.9398,,
2660,1289.4961,,
2661,3459.023,,
2662,1091.4357,,
2663,485.04672,,
2664,1095.7288,,
2665,1966.1926,,
2666,4855.1475,,
2667,2053.063,,
2668,1728.7981,,
2669,3740.1858,,
2670,2952.45,,
2671,2137.1694,,
2672,1049.3096,,
2673,1770.9999,,
2674,1408.1174,,
2675,2187.249,,
2676,1245.4102,,
2677,325.13254,,
2678,2194.972,,
2679,2207.712,,
2680,505.89197,,
2681,1383.6884,,
2682,2495.9592,,
2683,1497.4691,,
2684,2791.332,,
2685,2019.8467,,
2686,1730.5557,,
2687,817.1388,,
2688,1827.067,,
2689,1458.3354,,
2690,3237.2969,,
2691,776.3373,,
2692,1256.5171,,
2693,3567.6606,,
2694,371.52734,,
2695,2655.2278,,
2696,2541.1536,,
2697,2207.6702,,
2698,6181.993,,
2699,3160.6084,,
2700,1703.5615,,
2701,3536.437,,
2702,2485.8362,,
2703,1802.59,,
2704,2551.0544,,
2705,868.41504,,
2706,2232.4338,,
2707,2714.0928,,
2708,1771.7493,,
2709,2031.8693,,
2710,3134.0605,,
2711,5025.05,,
2712,46.169666,,
2713,3212.2847,,
2714,3474.6682,,
2715,2846.9016,,
2716,2082.5913,,
2717,744.16156,,
2718,1742.1376,,
2719,1773.3682,,
2720,757.8557,,
2721,148.30858,,
2722,4228.691,,
2723,1938.6267,,
2724,2454.7659,,
2725,2754.637,,
2726,1384.9414,,
2727,201.98216,,
2728,2612.9844,,
2729,621.2687,,
2730,3720.7593,,
2731,2328.7483,,
2732,1941.0627,,
2733,2404.6826,,
2734,2827.657,,
2735,1191.5073,,
2736,3316.0332,,
2737,2634.3066,,
2738,774.9765,,
2739,1621.4786,,
2740,857.8333,,
2741,4527.7183,,
2742,2604.5945,,
2743,2677.9539,,
2744,2242.622,,
2745,1893.7695,,
2746,4133.1084,,
2747,3344.6887,,
2748,695.52606,,
2749,1920.2753,,
2750,2349.4265,,
2751,90.50958,,
2752,2171.048,,
2753,2819.4597,,
2754,1198.4335,,
2755,2726.0881,,
2756,1529.4373,,
2757,1891.707,,
2758,2988.03,,
2759,2855.4692,,
2760,251.11916,,
2761,4724.722,,
2762,2893.8132,,
2763,4239.4673,,
2764,361.29245,,
2765,1004.0328,,
2766,2583.145,,
2767,2726.4585,,
2768,1360.5262,,
2769,699.4929,,
2770,4186.6533,,
2771,-169.59613,,
2772,3443.5835,,
2773,1859.4873,,
2774,2544.0508,,
2775,2767.584,,
2776,872.4811,,
2777,2743.5022,,
2778,458.68512,,
2779,356.2959,,
2780,2878.7202,,
2781,5633.4653,,
2782,1476.4674,,
2783,3058.8962,,
2784,3393.8105,,
2785,4538.092,,
2786,2757.8706,,
2787,4608.0615,,
2788,361.05273,,
2789,1364.8744,,
2790,1794.267,,
2791,3053.8962,,
2792,884.0786,,
2793,4904.8945,,
2794,2964.6592,,
2795,252.32196,,
2796,1356.1938,,
2797,1476.1655,,
2798,138.60448,,
2799,195.27531,,
2800,1703.0659,,
2801,4429.0605,,
2802,3769.3916,,
2803,3069.1365,,
2804,2985.4204,,
2805,2545.94,,
2806,3517.218,,
2807,230.56973,,
2808,1255.0813,,
2809,4519.8667,,
2810,2753.1672,,
2811,1470.0604,,
2812,2899.0015,,
2813,532.80176,,
2814,2576.7737,,
2815,1203.0364,,
2816,1972.5681,,
2817,3418.3867,,
2818,550.6327,,
2819,289.53912,,
2820,1328.9788,,
2821,3033.929,,
2822,2637.0676,,
2823,319.44754,,
2824,2855.1501,,
2825,4549.358,,
2826,4205.0977,,
2827,362.85776,,
2828,2752.1165,,
2829,316.4833,,
2830,146.46161,,
2831,2513.5686,,
2832,2758.1814,,
2833,1632.4927,,
2834,2322.682,,
2835,5062.653,,
2836,240.47174,,
2837,430.33313,,
2838,4819.9507,,
2839,1284.1251,,
2840,2886.0464,,
2841,744.1067,,
2842,3642.9836,,
2843,307.25644,,
2844,2691.39,,
2845,1690.8867,,
2846,561.03625,,
2847,2442.127,,
2848,560.38074,,
2849,675.5522,,
2850,426.58972,,
2851,167.17949,,
2852,3313.591,,
2853,4077.9907,,
2854,3196.7053,,
2855,771.6693,,
2856,1548.7194,,
2857,3523.7903,,
2858,510.72,,
2859,2631.0083,,
2860,2282.7996,,
2861,3158.3628,,
2862,144.69402,,
2863,1530.4799,,
2864,1783.6313,,
2865,296.489,,
2866,957.3569,,
2867,1638.722,,
2868,4047.584,,
2869,5776.973,,
2870,1065.1422,,
2871,207.36769,,
2872,699.0197,,
2873,3278.9185,,
2874,694.6966,,
2875,2809.7869,,
2876,3829.7083,,
2877,2679.543,,
2878,2543.105,,
2879,1581.3536,,
2880,880.5491,,
2881,1677.7285,,
2882,4025.6753,,
2883,5088.6235,,
2884,2844.47,,
2885,719.6354,,
2886,4249.5767,,
2887,2012.9338,,
2888,3167.5847,,
2889,2284.9155,,
2890,3892.5981,,
2891,912.7663,,
2892,3490.851,,
2893,947.9399,,
2894,792.7487,,
2895,1983.7598,,
2896,482.20154,,
2897,417.8853,,
2898,345.9425,,
2899,2738.7979,,
2900,3408.8147,,
2901,934.9004,,
2902,3133.5974,,
2903,3138.7434,,
2904,4215.5605,,
2905,203.31842,,
2906,1350.6223,,
2907,3028.7327,,
2908,2804.1682,,
2909,1109.1738,,
2910,272.2851,,
2911,4192.894,,
2912,2669.3848,,
2913,1033.5132,,
2914,4686.9775,,
2915,3374.1245,,
2916,422.46164,,
2917,818.2483,,
2918,718.88873,,
2919,2668.705,,
2920,2630.6077,,
2921,568.07385,,
2922,2884.341,,
2923,241.95903,,
2924,3540.9924,,
2925,2876.8538,,
2926,560.04645,,
2927,4855.2437,,
2928,324.14902,,
2929,522.4644,,
2930,4897.646,,
2931,2112.0688,,
2932,840.48944,,
2933,1781.7478,,
2934,3785.6357,,
2935,2017.8427,,
2936,4612.135,,
2937,2971.0083,,
2938,1478.039,,
2939,1249.1598,,
2940,1643.2756,,
2941,1852.1917,,
2942,2681.1094,,
2943,1783.9078,,
2944,4312.272,,
2945,1797.2103,,
2946,1924.4434,,
2947,3492.5933,,
2948,1289.4489,,
2949,1198.0659,,
2950,3463.0217,,
2951,2892.8262,,
2952,3247.0566,,
2953,1386.668,,
2954,3117.709,,
2955,3222.1384,,
2956,1039.6343,,
2957,586.17004,,
2958,2541.0542,,
2959,810.2907,,
2960,2717.9424,,
2961,987.4171,,
2962,1743.2563,,
2963,1355.2272,,
2964,806.26184,,
2965,1553.0562,,
2966,2461.3113,,
2967,3556.2078,,
2968,422.33698,,
2969,1332.8944,,
2970,2793.4602,,
2971,4423.4214,,
2972,4405.016,,
2973,5923.0864,,
2974,258.83197,,
2975,1625.7327,,
2976,907.60925,,
2977,4862.9937,,
2978,4934.9194,,
2979,82.42231,,
2980,2458.1187,,
2981,3248.5928,,
2982,236.11142,,
2983,149.39526,,
2984,544.05334,,
2985,2218.5298,,
2986,3502.7627,,
2987,3003.2878,,
2988,3496.5112,,
2989,366.47253,,
2990,3261.1948,,
2991,538.74176,,
2992,551.83795,,
2993,2250.5623,,
2994,744.50635,,
2995,2579.5776,,
2996,2624.5784,,
2997,2859.918,,
2998,2501.2305,,
2999,4096.976,,
3000,1064.069,,
3001,3689.2534,,
3002,1951.1963,,
3003,3967.638,,
3004,3304.1409,,
3005,2320.1394,,
3006,2073.5552,,
3007,2107.4456,,
3008,3749.2559,,
3009,4727.343,,
3010,6290.5645,,
3011,1745.5303,,
3012,2023.4208,,
3013,5782.4775,,
3014,3334.4197,,
3015,638.6397,,
3016,3947.1719,,
3017,592.03864,,
3018,3499.2004,,
3019,2458.827,,
3020,4513.016,,
3021,2760.0977,,
3022,2205.5256,,
3023,732.9015,,
3024,3017.3555,,
3025,3065.4104,,
3026,4527.527,,
3027,255.31274,,
3028,188.14563,,
3029,1483.3334,,
3030,1805.7297,,
3031,127.26884,,
3032,1951.0001,,
3033,2178.6875,,
3034,619.29083,,
3035,2122.3447,,
3036,1221.9253,,
3037,2684.9768,,
3038,1025.936,,
3039,1426.4474,,
3040,1619.3383,,
3041,858.888,,
3042,2084.2449,,
3043,2853.089,,
3044,3317.799,,
3045,2733.2593,,
3046,3931.082,,
3047,309.82355,,
3048,2954.3105,,
3049,1210.3445,,
3050,2087.5615,,
3051,802.64105,,
3052,2623.265,,
3053,1543.7517,,
3054,1829.4233,,
3055,1270.5923,,
3056,3890.0938,,
3057,10091.283,,
3058,899.6319,,
3059,2159.5002,,
3060,62.28511,,
3061,3491.4133,,
3062,666.2013,,
3063,1718.888,,
3064,252.6535,,
3065,2836.5254,,
3066,620.2161,,
3067,226.78288,,
3068,1510.7611,,
3069,619.2429,,
3070,1229.514,,
3071,1171.208,,
3072,245.02893,,
3073,448.38782,,
3074,858.97394,,
3075,3719.238,,
3076,4713.2554,,
3077,4714.454,,
3078,903.8112,,
3079,1401.6986,,
3080,2515.7363,,
3081,2306.0344,,
3082,4980.3755,,
3083,213.02301,,
3084,1669.8802,,
3085,132.15997,,
3086,1934.2052,,
3087,288.48874,,
3088,6261.8066,,
3089,1378.3319,,
3090,2069.6277,,
3091,822.66895,,
3092,2633.6094,,
3093,2816.3843,,
3094,1578.0657,,
3095,2160.7732,,
3096,322.53418,,
3097,2647.28,,
3098,3433.8103,,
3099,2676.686,,
3100,2273.8232,,
3101,1838.505,,
3102,2360.4026,,
3103,3144.7837,,
3104,2192.3494,,
3105,2432.9326,,
3106,2145.8298,,
3107,828.92053,,
3108,2534.3972,,
3109,253.33777,,
3110,664.2461,,
3111,252.52672,,
3112,960.44403,,
3113,2529.0935,,
3114,4399.558,,
3115,1292.332,,
3116,4081.7666,,
3117,565.90717,,
3118,3055.3403,,
3119,824.3649,,
3120,3306.9993,,
3121,5287.556,,
3122,794.72845,,
3123,4201.1475,,
3124,1273.8849,,
3125,267.4169,,
3126,2427.2166,,
3127,4418.3037,,
3128,3227.628,,
3129,2303.6921,,
3130,2094.8672,,
3131,4427.2954,,
3132,4141.6245,,
3133,2169.3762,,
3134,2514.8328,,
3135,2844.6177,,
3136,2650.4426,,
3137,1132.8341,,
3138,3368.076,,
3139,1141.5238,,
3140,3197.538,,
3141,7211.5063,,
3142,3112.679,,
3143,703.00854,,
3144,4643.2725,,
3145,1195.4567,,
3146,3387.6626,,
3147,1168.2178,,
3148,4571.3647,,
3149,1085.1105,,
3150,3207.6177,,
3151,1016.8673,,
3152,180.56683,,
3153,2184.3853,,
3154,1494.884,,
3155,410.16458,,
3156,4565.245,,
3157,3347.3325,,
3158,1805.0833,,
3159,-34.011627,,
3160,6389.945,,
3161,1807.6458,,
3162,4568.8384,,
3163,269.95154,,
3164,3163.4673,,
3165,805.125,,
3166,3062.0596,,
3167,355.3851,,
3168,4840.1396,,
3169,3401.5286,,
3170,4475.411,,
3171,1201.6278,,
3172,3733.5974,,
3173,1417.0741,,
3174,845.62836,,
3175,2697.7356,,
3176,2316.1099,,
3177,1853.0359,,
3178,4141.1035,,
3179,3821.5952,,
3180,2193.0112,,
3181,1340.7329,,
3182,265.85236,,
3183,1012.237,,
3184,6270.211,,
3185,3266.6143,,
3186,652.5301,,
3187,2809.397,,
3188,3272.588,,
3189,2212.708,,
3190,2431.7935,,
3191,1778.3268,,
3192,1666.0963,,
3193,1957.1775,,
3194,3465.3286,,
3195,848.6846,,
3196,1575.3162,,
3197,2443.12,,
3198,1817.025,,
3199,2433.1292,,
3200,1557.6239,,
3201,1609.9396,,
3202,2494.6287,,
3203,2165.6885,,
3204,2079.252,,
3205,325.5204,,
3206,124.05642,,
3207,193.83603,,
3208,343.5758,,
3209,488.01376,,
3210,1706.1637,,
3211,3492.125,,
3212,1116.5608,,
3213,989.89294,,
3214,1568.2849,,
3215,2665.9304,,
3216,2617.4146,,
3217,2152.8203,,
3218,1212.5796,,
3219,4024.639,,
3220,1945.9319,,
3221,603.7552,,
3222,701.6439,,
3223,508.74948,,
3224,5345.336,,
3225,1212.4908,,
3226,1563.5417,,
3227,2375.3274,,
3228,2341.2905,,
3229,2590.0554,,
3230,977.0099,,
3231,89.002716,,
3232,3132.2017,,
3233,5345.216,,
3234,2136.497,,
3235,5220.478,,
3236,490.8696,,
3237,2161.2173,,
3238,2453.1162,,
3239,408.64087,,
3240,2300.1433,,
3241,704.61475,,
3242,1005.843,,
3243,5666.6294,,
3244,3055.4583,,
3245,237.2203,,
3246,2444.453,,
3247,4125.5146,,
3248,1318.9723,,
3249,2133.6003,,
3250,2102.1497,,
3251,2078.4814,,
3252,2362.0347,,
3253,596.1277,,
3254,2527.3943,,
3255,1614.5309,,
3256,2269.4485,,
3257,47.552464,,
3258,2730.1829,,
3259,2114.5664,,
3260,1847.1217,,
3261,2155.9873,,
3262,1117.4243,,
3263,1030.6034,,
3264,179.73235,,
3265,774.45624,,
3266,973.2701,,
3267,371.55286,,
3268,2852.8865,,
3269,691.4397,,
3270,2193.8203,,
3271,254.75043,,
3272,914.9439,,
3273,3016.958,,
3274,4181.293,,
3275,2728.918,,
3276,2690.8289,,
3277,3420.4797,,
3278,2811.9187,,
3279,2811.5144,,
3280,279.0963,,
3281,655.76733,,
3282,88.94213,,
3283,4420.213,,
3284,3259.606,,
3285,2212.5898,,
3286,2015.9279,,
3287,2375.04,,
3288,3904.395,,
3289,2801.879,,
3290,2382.4133,,
3291,3636.5227,,
3292,44.240356,,
3293,3629.8398,,
3294,265.66647,,
3295,2893.354,,
3296,5129.122,,
3297,1706.0188,,
3298,850.6265,,
3299,2273.1882,,
3300,839.0465,,
3301,1567.6584,,
3302,2464.9673,,
3303,2403.6843,,
3304,3520.2498,,
3305,3291.8352,,
3306,2343.274,,
3307,2391.402,,
3308,1908.5936,,
3309,2550.8577,,
3310,1824.359,,
3311,3735.1057,,
3312,5163.7915,,
3313,270.2014,,
3314,3321.287,,
3315,671.8124,,
3316,804.701,,
3317,1683.1321,,
3318,1244.3217,,
3319,682.542,,
3320,3504.5776,,
3321,3428.964,,
3322,2056.0066,,
3323,4764.156,,
3324,2014.4613,,
3325,597.2734,,
3326,3475.972,,
3327,2273.1897,,
3328,5041.6953,,
3329,4464.62,,
3330,3106.2942,,
3331,2019.1063,,
3332,6498.5254,,
3333,5553.28,,
3334,1689.6178,,
3335,2068.6348,,
3336,900.52484,,
3337,723.1787,,
3338,2111.9521,,
3339,384.27664,,
3340,219.49515,,
3341,3008.0916,,
3342,1529.6897,,
3343,2438.4844,,
3344,1655.4343,,
3345,3012.1401,,
3346,265.34854,,
3347,4521.871,,
3348,3876.7246,,
3349,633.6325,,
3350,1219.0582,,
3351,376.6256,,
3352,4184.0293,,
3353,4896.3247,,
3354,500.03278,,
3355,3304.794,,
3356,1087.5098,,
3357,1970.6681,,
3358,3501.4329,,
3359,1069.9963,,
3360,514.4684,,
3361,2885.689,,
3362,1176.5164,,
3363,1479.2635,,
3364,229.42813,,
3365,402.0968,,
3366,5185.618,,
3367,2820.208,,
3368,1545.293,,
3369,1095.8895,,
3370,1773.8141,,
3371,872.03406,,
3372,989.98883,,
3373,1584.9794,,
3374,5877.346,,
3375,2509.3257,,
3376,2031.6145,,
3377,3538.9512,,
3378,268.5962,,
3379,1606.6318,,
3380,5537.1187,,
3381,2528.9355,,
3382,866.43866,,
3383,323.5432,,
3384,3071.9329,,
3385,1783.057,,
3386,2786.8408,,
3387,4763.7476,,
3388,3010.7483,,
3389,2256.4487,,
3390,343.73965,,
3391,1372.711,,
3392,3727.6213,,
3393,1825.7877,,
3394,2768.16,,
3395,1456.4077,,
3396,1743.5162,,
3397,2660.8481,,
3398,2975.5034,,
3399,5157.8237,,
3400,94.402145,,
3401,624.784,,
3402,1873.8615,,
3403,1288.4082,,
3404,2219.701,,
3405,4299.838,,
3406,1528.9899,,
3407,1695.536,,
3408,2172.4292,,
3409,2665.9304,,
3410,1914.3176,,
3411,6282.402,,
3412,3820.4692,,
3413,1449.3981,,
3414,4011.9941,,
3415,2441.755,,
3416,1603.7589,,
3417,3321.165,,
3418,1312.736,,
3419,923.69617,,
3420,2750.6155,,
3421,783.7122,,
3422,1317.4475,,
3423,1796.2042,,
3424,2511.8484,,
3425,4094.4075,,
3426,3531.0312,,
3427,1173.3733,,
3428,2104.9988,,
3429,2555.8464,,
3430,1852.8159,,
3431,2653.439,,
3432,1002.50055,,
3433,1329.8494,,
3434,242.32849,,
3435,1652.4742,,
3436,1752.5146,,
3437,5006.4106,,
3438,722.6409,,
3439,2915.0007,,
3440,3826.9111,,
3441,1659.4512,,
3442,922.268,,
3443,2328.0012,,
3444,2457.4014,,
3445,2354.9937,,
3446,1568.876,,
3447,1685.619,,
3448,932.5054,,
3449,2995.024,,
3450,2379.1868,,
3451,1796.9679,,
3452,6350.887,,
3453,2109.6592,,
3454,2977.3855,,
3455,2600.8572,,
3456,2233.7576,,
3457,3508.066,,
3458,1561.0786,,
3459,6014.3774,,
3460,598.01886,,
3461,2533.5195,,
3462,132.15997,,
3463,4427.4653,,
3464,2304.2756,,
3465,774.48584,,
3466,3517.7573,,
3467,1469.2981,,
3468,185.51643,,
3469,1899.9084,,
3470,1313.589,,
3471,2609.1702,,
3472,3179.5493,,
3473,313.14075,,
3474,1494.0991,,
3475,2984.3552,,
3476,1510.0756,,
3477,3105.1738,,
3478,1315.9894,,
3479,2512.5706,,
3480,583.1882,,
3481,773.2484,,
3482,6985.8057,,
3483,2019.6237,,
3484,1191.4785,,
3485,2763.083,,
3486,3090.0889,,
3487,836.64874,,
3488,40.596443,,
3489,2604.6482,,
3490,347.9727,,
3491,3608.474,,
3492,1819.7311,,
3493,1726.2734,,
3494,608.6506,,
3495,2541.2356,,
3496,4052.9053,,
3497,722.001,,
3498,3865.4036,,
3499,1757.3578,,
3500,4430.7153,,
3501,881.27185,,
3502,640.1931,,
3503,2248.0579,,
3504,954.3592,,
3505,2848.0403,,
3506,2689.1804,,
3507,4304.4443,,
3508,2414.116,,
3509,2613.2761,,
3510,915.2016,,
3511,3115.9565,,
3512,1324.3752,,
3513,3143.0325,,
3514,402.5871,,
3515,203.67969,,
3516,1585.2959,,
3517,4905.762,,
3518,3714.5286,,
3519,3724.607,,
3520,3853.68,,
3521,2485.2754,,
3522,2588.2756,,
3523,3359.4749,,
3524,3526.3298,,
3525,4884.822,,
3526,4633.253,,
3527,2154.5696,,
3528,2035.6753,,
3529,3705.0825,,
3530,1783.4229,,
3531,3596.8962,,
3532,855.3936,,
3533,4078.9158,,
3534,3616.4082,,
3535,4454.1274,,
3536,221.46582,,
3537,5794.7637,,
3538,933.07245,,
3539,3108.7,,
3540,3034.3435,,
3541,676.891,,
3542,1453.0952,,
3543,2572.8535,,
3544,1100.1901,,
3545,1943.888,,
3546,1616.5642,,
3547,2651.3113,,
3548,1872.1573,,
3549,1947.3901,,
3550,2150.3406,,
3551,2928.7947,,
3552,2421.0547,,
3553,569.1155,,
3554,1275.8435,,
3555,589.8404,,
3556,3009.0156,,
3557,88.02783,,
3558,591.9309,,
3559,3659.1033,,
3560,5279.508,,
3561,1417.5631,,
3562,3692.7478,,
3563,1127.0898,,
3564,3631.8867,,
3565,1547.964,,
3566,76.49763,,
3567,1968.8928,,
3568,1701.0554,,
3569,3409.5554,,
3570,475.87036,,
3571,2601.531,,
3572,3066.8171,,
3573,2013.446,,
3574,2438.0632,,
3575,366.99823,,
3576,7011.2095,,
3577,2987.2207,,
3578,2334.475,,
3579,1319.2631,,
3580,1684.3915,,
3581,3931.7202,,
3582,4638.9297,,
3583,4015.2368,,
3584,1668.6334,,
3585,2287.959,,
3586,847.13806,,
3587,1995.604,,
3588,2186.129,,
3589,3425.652,,
3590,1040.7994,,
3591,3000.0527,,
3592,532.7569,,
3593,2108.496,,
3594,1196.1089,,
3595,2034.3259,,
3596,308.36853,,
3597,4101.806,,
3598,2766.6814,,
3599,1825.1311,,
3600,433.65118,,
3601,2013.0074,,
3602,1884.1478,,
3603,1714.5576,,
3604,132.15997,,
3605,2616.1365,,
3606,1716.4454,,
3607,901.6512,,
3608,424.1957,,
3609,3685.649,,
3610,1994.2142,,
3611,3660.5723,,
3612,2759.0713,,
3613,606.2046,,
3614,1028.4725,,
3615,1791.1914,,
3616,3738.3472,,
3617,1759.846,,
3618,1293.1847,,
3619,5170.496,,
3620,6286.9097,,
3621,2070.849,,
3622,4453.6206,,
3623,2477.7107,,
3624,3489.901,,
3625,1562.5753,,
3626,2479.807,,
3627,2010.1115,,
3628,409.9258,,
3629,4590.353,,
3630,1872.3396,,
3631,2469.7036,,
3632,375.07965,,
3633,4197.6836,,
3634,2428.756,,
3635,324.7134,,
3636,3274.389,,
3637,3027.1392,,
3638,308.7633,,
3639,2456.0125,,
3640,4628.3643,,
3641,840.3113,,
3642,787.69415,,
3643,1860.7231,,
3644,5748.9917,,
3645,1569.9907,,
3646,657.4273,,
3647,2755.666,,
3648,1328.3862,,
3649,2583.0056,,
3650,1597.6234,,
3651,3439.4282,,
3652,3079.7163,,
3653,3879.5405,,
3654,2084.2463,,
3655,2551.5432,,
3656,2619.4597,,
3657,853.49945,,
3658,1917.2825,,
3659,1449.452,,
3660,3478.5696,,
3661,6952.489,,
3662,2301.4993,,
3663,2480.9395,,
3664,256.1652,,
3665,3006.4155,,
3666,2727.6934,,
3667,229.42813,,
3668,420.93265,,
3669,973.86456,,
3670,642.02356,,
3671,235.73358,,
3672,3181.8948,,
3673,2572.1501,,
3674,2600.355,,
3675,4535.268,,
3676,1054.7985,,
3677,1758.0231,,
3678,2063.8682,,
3679,-117.488106,,
3680,2917.8752,,
3681,2792.07,,
3682,1713.986,,
3683,64.81284,,
3684,1387.9854,,
3685,3860.3652,,
3686,1577.7147,,
3687,3488.3274,,
3688,2402.0425,,
3689,2773.877,,
3690,3415.715,,
3691,2295.3772,,
3692,5183.9165,,
3693,1346.1122,,
3694,2596.455,,
3695,1368.213,,
3696,870.24817,,
3697,3181.7168,,
3698,4106.2915,,
3699,1180.0508,,
3700,2457.468,,
3701,1524.8483,,
3702,5783.6714,,
3703,142.39693,,
3704,3206.3374,,
3705,909.3698,,
3706,1614.1007,,
3707,1201.9788,,
3708,1433.6272,,
3709,1986.3373,,
3710,1954.4736,,
3711,2166.726,,
3712,1483.9565,,
3713,3219.3513,,
3714,3649.457,,
3715,3380.655,,
3716,1391.807,,
3717,4516.8477,,
3718,2600.172,,
3719,5583.5537,,
3720,795.93097,,
3721,3268.4495,,
3722,2294.712,,
3723,2107.275,,
3724,879.24786,,
3725,2364.206,,
3726,2281.4714,,
3727,4012.0059,,
3728,681.65234,,
3729,1711.9539,,
3730,2292.386,,
3731,2021.6167,,
3732,713.2907,,
3733,2640.6765,,
3734,397.96146,,
3735,310.47205,,
3736,2772.0479,,
3737,2791.0156,,
3738,2833.8257,,
3739,2793.8843,,
3740,1243.8975,,
3741,358.28128,,
3742,835.82196,,
3743,4042.7937,,
3744,3094.4563,,
3745,2199.6125,,
3746,182.88412,,
3747,2140.4243,,
3748,1489.4836,,
3749,2362.9133,,
3750,317.55765,,
3751,3323.982,,
3752,3002.2737,,
3753,2045.9719,,
3754,2167.3079,,
3755,2460.4102,,
3756,587.9003,,
3757,2418.071,,
3758,2414.076,,
3759,1284.3512,,
3760,2409.084,,
3761,4269.1577,,
3762,1721.0201,,
3763,2842.108,,
3764,2559.3167,,
3765,969.87634,,
3766,2107.7122,,
3767,4430.9756,,
3768,1314.0364,,
3769,719.1175,,
3770,1963.79,,
3771,3609.4497,,
3772,670.11163,,
3773,3685.7952,,
3774,2204.4678,,
3775,505.2218,,
3776,3879.513,,
3777,677.2072,,
3778,1948.6642,,
3779,975.4729,,
3780,836.2455,,
3781,1837.1499,,
3782,868.107,,
3783,2575.8599,,
3784,585.3489,,
3785,1740.997,,
3786,1545.0171,,
3787,648.032,,
3788,3668.468,,
3789,1675.5221,,
3790,1952.7247,,
3791,1107.1714,,
3792,803.6298,,
3793,683.0,,
3794,4979.3516,,
3795,2655.1382,,
3796,5362.5044,,
3797,5811.2876,,
3798,5646.2236,,
3799,4349.5854,,
3800,1885.6676,,
3801,3597.695,,
3802,1264.3746,,
3803,2260.7175,,
3804,450.08218,,
3805,3872.6501,,
3806,1169.3405,,
3807,3142.1633,,
3808,4268.9717,,
3809,2633.2192,,
3810,57.514946,,
3811,1922.7074,,
3812,3174.2363,,
3813,311.13495,,
3814,1234.8643,,
3815,1020.43835,,
3816,1732.5494,,
3817,3391.9348,,
3818,3157.2039,,
3819,2719.5525,,
3820,1953.0508,,
3821,3211.17,,
3822,1608.7839,,
3823,2799.9363,,
3824,3096.2617,,
3825,551.2666,,
3826,2242.9143,,
3827,875.62585,,
3828,2606.9436,,
3829,3523.6826,,
3830,4411.6733,,
3831,2266.0566,,
3832,5893.8877,,
3833,2534.3687,,
3834,1207.6233,,
3835,5906.8706,,
3836,2114.6748,,
3837,936.4471,,
3838,1297.8989,,
3839,2086.5466,,
3840,3073.852,,
3841,3078.793,,
3842,318.3959,,
3843,2179.205,,
3844,4719.22,,
3845,537.1573,,
3846,2724.8596,,
3847,459.1185,,
3848,283.81122,,
3849,1157.2268,,
3850,5247.875,,
3851,3052.8271,,
3852,1275.983,,
3853,1209.1748,,
3854,3360.2625,,
3855,527.91846,,
3856,1268.3575,,
3857,2739.1704,,
3858,3392.809,,
3859,2893.3965,,
3860,689.61865,,
3861,2130.6987,,
3862,134.79002,,
3863,5865.3745,,
3864,1291.4885,,
3865,399.52692,,
3866,616.52167,,
3867,2317.4297,,
3868,1959.5323,,
3869,3668.995,,
3870,441.7203,,
3871,2003.709,,
3872,2534.417,,
3873,2232.5693,,
3874,1930.9023,,
3875,530.05725,,
3876,2033.9005,,
3877,735.82697,,
3878,133.06848,,
3879,2082.7861,,
3880,3559.4075,,
3881,2229.7136,,
3882,592.58704,,
3883,2783.9043,,
3884,2729.794,,
3885,2741.6865,,
3886,1227.0546,,
3887,300.26083,,
3888,5524.495,,
3889,2824.5315,,
3890,2314.0042,,
3891,3146.325,,
3892,1152.9258,,
3893,191.11855,,
3894,3478.5508,,
3895,509.99707,,
3896,1528.1384,,
3897,1879.7148,,
3898,475.95984,,
3899,2949.3586,,
3900,1010.81396,,
3901,850.6877,,
3902,1200.6718,,
3903,1699.558,,
3904,751.2386,,
3905,8580.972,,
3906,599.6297,,
3907,3455.313,,
3908,236.1689,,
3909,1112.0804,,
3910,2234.3586,,
3911,1293.1611,,
3912,3598.5461,,
3913,1006.68506,,
3914,2357.976,,
3915,5278.111,,
3916,1609.5712,,
3917,3985.2805,,
3918,3656.6707,,
3919,1756.1401,,
3920,1797.153,,
3921,2488.685,,
3922,4982.462,,
3923,1727.1566,,
3924,1619.0247,,
3925,2230.1401,,
3926,1926.4468,,
3927,1862.8677,,
3928,316.4307,,
3929,2314.0537,,
3930,2062.3877,,
3931,1118.284,,
3932,2028.7372,,
3933,2654.9954,,
3934,1849.8834,,
3935,2017.1208,,
3936,1719.5017,,
3937,869.4024,,
3938,873.61957,,
3939,362.87723,,
3940,1056.2761,,
3941,2617.596,,
3942,2045.1788,,
3943,1477.1359,,
3944,859.6844,,
3945,1767.8606,,
3946,1504.5115,,
3947,1175.0042,,
3948,1141.5422,,
3949,3174.6409,,
3950,1477.4187,,
3951,2044.2136,,
3952,948.19556,,
3953,1663.117,,
3954,2331.1702,,
3955,4259.677,,
3956,1550.4442,,
3957,3788.3796,,
3958,3640.304,,
3959,489.0826,,
3960,884.1662,,
3961,2295.848,,
3962,4476.732,,
3963,2548.1143,,
3964,2370.4907,,
3965,741.7813,,
3966,4236.891,,
3967,4966.7812,,
3968,3093.2148,,
3969,3011.4211,,
3970,371.14307,,
3971,2449.1045,,
3972,3884.1956,,
3973,1770.3276,,
3974,3874.8743,,
3975,2358.3838,,
3976,3153.8481,,
3977,805.0922,,
3978,2030.6036,,
3979,642.04443,,
3980,1629.4081,,
3981,1380.6211,,
3982,3359.8184,,
3983,606.1586,,
3984,2519.8772,,
3985,3715.2654,,
3986,3948.4187,,
3987,1037.1191,,
3988,1024.6271,,
3989,1851.2957,,
3990,559.61615,,
3991,5267.016,,
3992,673.944,,
3993,4039.7102,,
3994,302.21515,,
3995,2325.0774,,
3996,2036.0895,,
3997,1779.0156,,
3998,4440.809,,
3999,1292.1655,,
4000,502.4454,,
4001,1104.8036,,
4002,1758.8589,,
4003,599.7426,,
4004,4431.2183,,
4005,1164.9258,,
4006,1915.3285,,
4007,4961.078,,
4008,630.7726,,
4009,1494.7858,,
4010,220.26765,,
4011,2715.8813,,
4012,1131.291,,
4013,1744.1564,,
4014,3468.15,,
4015,611.827,,
4016,2481.1775,,
4017,50.721703,,
4018,1367.6957,,
4019,4649.7383,,
4020,5690.556,,
4021,3508.2578,,
4022,3667.1575,,
4023,2753.823,,
4024,3423.817,,
4025,1198.4335,,
4026,273.94946,,
4027,2027.8246,,
4028,2372.4436,,
4029,2285.7717,,
4030,998.1926,,
4031,2822.816,,
4032,3312.2893,,
4033,2778.8523,,
4034,3279.323,,
4035,2780.8398,,
4036,352.983,,
4037,2870.2642,,
4038,3182.6848,,
4039,3582.031,,
4040,3258.0754,,
4041,1421.0569,,
4042,265.3885,,
4043,3108.1313,,
4044,4867.9517,,
4045,4304.3027,,
4046,-7.283278,,
4047,1874.4657,,
4048,207.36575,,
4049,2405.0667,,
4050,2262.429,,
4051,1331.7738,,
4052,288.34055,,
4053,1220.1982,,
4054,335.05795,,
4055,2647.562,,
4056,5723.873,,
4057,9480.273,,
4058,518.9718,,
4059,158.51685,,
4060,1380.7717,,
4061,3103.744,,
4062,2732.2766,,
4063,3217.283,,
4064,932.90216,,
4065,1773.1237,,
4066,2566.9487,,
4067,1929.2368,,
4068,6119.1953,,
4069,266.45123,,
4070,4278.3203,,
4071,1781.8986,,
4072,3022.0647,,
4073,4717.952,,
4074,2372.0676,,
4075,3421.2285,,
4076,1836.9313,,
4077,159.47714,,
4078,2942.5825,,
4079,4090.774,,
4080,2336.8835,,
4081,1820.5272,,
4082,3231.9653,,
4083,278.5155,,
4084,876.49524,,
4085,1138.6261,,
4086,6554.8906,,
4087,4339.7085,,
4088,3503.4963,,
4089,2574.2397,,
4090,3573.9912,,
4091,2350.509,,
4092,2586.4775,,
4093,721.1772,,
4094,21.625643,,
4095,1504.5262,,
4096,1419.0497,,
4097,58.95894,,
4098,3589.8909,,
4099,1784.2129,,
4100,3159.945,,
4101,1508.6869,,
4102,1930.8997,,
4103,3236.2947,,
4104,227.86797,,
4105,2864.4844,,
4106,2487.9097,,
4107,2732.9253,,
4108,739.5679,,
4109,2806.7417,,
4110,1780.674,,
4111,1162.6039,,
4112,2332.998,,
4113,2088.5945,,
4114,2465.7368,,
4115,1714.1255,,
4116,720.7582,,
4117,1203.1223,,
4118,2162.8691,,
4119,1370.8208,,
4120,1613.9397,,
4121,4308.7954,,
4122,711.6412,,
4123,1816.3286,,
4124,2319.3384,,
4125,3172.3477,,
4126,1459.6901,,
4127,297.591,,
4128,1668.3257,,
4129,899.19073,,
4130,5235.52,,
4131,3364.2905,,
4132,352.02463,,
4133,2940.471,,
4134,4496.109,,
4135,1578.3982,,
4136,70.56326,,
4137,2853.0427,,
4138,806.26184,,
4139,2007.9359,,
4140,3729.2837,,
4141,2750.2488,,
4142,1164.5999,,
4143,2111.61,,
4144,4271.9487,,
4145,1722.451,,
4146,5078.416,,
4147,236.28467,,
4148,1332.8838,,
4149,2665.9097,,
4150,3157.1062,,
4151,718.09204,,
4152,3328.3008,,
4153,312.87842,,
4154,2563.3484,,
4155,809.22845,,
4156,1764.7843,,
4157,1475.9968,,
4158,3847.2837,,
4159,409.70065,,
4160,1750.8486,,
4161,461.491,,
4162,1107.0194,,
4163,4545.7705,,
4164,2264.0342,,
4165,2082.0999,,
4166,320.44205,,
4167,3432.2651,,
4168,2494.7769,,
4169,1683.106,,
4170,2870.7166,,
4171,1922.0822,,
4172,1805.5732,,
4173,2560.1667,,
4174,4122.8867,,
4175,2176.1748,,
4176,1622.621,,
4177,2664.2104,,
4178,2358.0771,,
4179,1297.1777,,
4180,3142.1216,,
4181,718.72766,,
4182,3396.6433,,
4183,586.9249,,
4184,1743.4012,,
4185,6959.003,,
4186,638.9468,,
4187,869.06415,,
4188,838.78345,,
4189,1464.749,,
4190,588.8916,,
4191,809.4116,,
4192,3611.8262,,
4193,1472.3594,,
4194,3225.0034,,
4195,3559.756,,
4196,2913.6094,,
4197,2482.1711,,
4198,1914.014,,
4199,2729.3953,,
4200,3159.3604,,
4201,2707.574,,
4202,2818.5605,,
4203,3133.8372,,
4204,2046.9363,,
4205,3626.2544,,
4206,1840.0868,,
4207,2182.367,,
4208,480.29636,,
4209,3926.667,,
4210,90.25795,,
4211,2422.34,,
4212,250.93251,,
4213,2179.2483,,
4214,3978.08,,
4215,614.54974,,
4216,1920.091,,
4217,1874.673,,
4218,2165.651,,
4219,5407.0366,,
4220,1801.4204,,
4221,1648.2834,,
4222,2457.1287,,
4223,928.9241,,
4224,289.0425,,
4225,2150.6218,,
4226,403.9341,,
4227,2116.3967,,
4228,1654.7335,,
4229,178.64694,,
4230,2540.8752,,
4231,416.63824,,
4232,1376.3477,,
4233,1950.3838,,
4234,1558.909,,
4235,1237.6588,,
4236,2649.3606,,
4237,2005.8433,,
4238,1003.3197,,
4239,1554.8092,,
4240,743.7268,,
4241,2291.6206,,
4242,1416.4323,,
4243,1059.9977,,
4244,1635.4379,,
4245,314.52335,,
4246,1943.0222,,
4247,1905.7969,,
4248,651.53564,,
4249,3930.2424,,
4250,123.76525,,
4251,7369.8745,,
4252,1011.19495,,
4253,291.81873,,
4254,1699.5062,,
4255,181.99799,,
4256,1175.6147,,
4257,1267.595,,
4258,1142.3217,,
4259,622.2324,,
4260,3278.915,,
4261,3737.6555,,
4262,369.45297,,
4263,3302.777,,
4264,539.13007,,
4265,4302.675,,
4266,1308.1321,,
4267,1453.4762,,
4268,2327.906,,
4269,2257.1384,,
4270,6602.5615,,
4271,1752.0721,,
4272,2963.1096,,
4273,3134.532,,
4274,3183.0554,,
4275,1860.0732,,
4276,1.6478558,,
4277,4361.617,,
4278,2699.6277,,
4279,5708.1714,,
4280,3449.2407,,
4281,1895.8419,,
4282,1449.0111,,
4283,1858.894,,
4284,3649.8228,,
4285,2060.247,,
4286,2543.1484,,
4287,1907.0966,,
4288,175.49979,,
4289,2576.073,,
4290,2877.4922,,
4291,567.3922,,
4292,1278.9657,,
4293,206.9505,,
4294,2168.4988,,
4295,4663.725,,
4296,1989.7817,,
4297,2614.2756,,
4298,2096.2654,,
4299,848.9296,,
4300,1310.0311,,
4301,2172.949,,
4302,767.9026,,
4303,1698.8011,,
4304,1631.5865,,
4305,1515.6333,,
4306,1009.0815,,
4307,3236.2693,,
4308,703.66144,,
4309,1219.2933,,
4310,3571.0024,,
4311,2512.2104,,
4312,2975.6035,,
4313,2627.193,,
4314,984.2948,,
4315,-562.61084,,
4316,1790.6409,,
4317,-268.0518,,
4318,2649.9626,,
4319,4414.0586,,
4320,1110.9747,,
4321,451.5859,,
4322,261.10507,,
4323,2786.9822,,
4324,2104.5293,,
4325,1755.8256,,
4326,2880.593,,
4327,771.2976,,
4328,551.94055,,
4329,2608.3914,,
4330,1246.2445,,
4331,3639.9885,,
4332,3513.5867,,
4333,678.5648,,
4334,2837.9802,,
4335,379.60916,,
4336,577.79694,,
4337,1561.6683,,
4338,1112.5238,,
4339,1794.1803,,
4340,179.63258,,
4341,2783.987,,
4342,2883.535,,
4343,1168.4176,,
4344,1587.3502,,
4345,1175.8365,,
4346,3733.9155,,
4347,1041.6807,,
4348,1495.3932,,
4349,607.63104,,
4350,236.02042,,
4351,4204.2256,,
4352,3313.0276,,
4353,3023.4377,,
4354,5899.5356,,
4355,1411.1854,,
4356,2577.9927,,
4357,1959.6843,,
4358,626.9242,,
4359,351.84695,,
4360,266.91806,,
4361,3603.4685,,
4362,3966.8179,,
4363,1593.5986,,
4364,4326.0386,,
4365,240.43048,,
4366,5417.7617,,
4367,2392.9915,,
4368,2605.5203,,
4369,913.892,,
4370,1703.5085,,
4371,5549.221,,
4372,872.7675,,
4373,1915.173,,
4374,3121.7092,,
4375,2750.8074,,
4376,1284.927,,
4377,859.4807,,
4378,5017.573,,
4379,4699.1533,,
4380,2069.0479,,
4381,6364.7163,,
4382,1713.6642,,
4383,2891.571,,
4384,3103.9585,,
4385,3604.2925,,
4386,1668.4442,,
4387,822.14276,,
4388,2073.9106,,
4389,1252.0916,,
4390,4083.857,,
4391,911.78656,,
4392,2644.131,,
4393,1543.8673,,
4394,2860.0347,,
4395,4181.352,,
4396,2455.668,,
4397,1365.2792,,
4398,1030.6512,,
4399,1535.1582,,
4400,1080.1614,,
4401,797.66797,,
4402,1367.3793,,
4403,1984.5403,,
4404,2349.2385,,
4405,1872.4008,,
4406,5578.7573,,
4407,1609.692,,
4408,1811.923,,
4409,170.78598,,
4410,1336.1498,,
4411,1621.0443,,
4412,2941.6738,,
4413,3852.586,,
4414,4339.116,,
4415,1356.1556,,
4416,2401.784,,
4417,2435.7502,,
4418,208.52855,,
4419,1792.7144,,
4420,836.6283,,
4421,127.02976,,
4422,1432.0221,,
4423,3075.554,,
4424,330.36987,,
4425,2055.141,,
4426,3253.0808,,
4427,4686.1665,,
4428,4161.0093,,
4429,1492.6659,,
4430,680.2211,,
4431,25.915556,,
4432,4381.549,,
4433,1190.3584,,
4434,3351.2612,,
4435,217.79866,,
4436,1622.3815,,
4437,2579.7654,,
4438,224.78398,,
4439,1365.7759,,
4440,226.56287,,
4441,2229.6707,,
4442,1021.9443,,
4443,574.37524,,
4444,4367.0405,,
4445,1672.9188,,
4446,140.1441,,
4447,1408.0945,,
4448,1846.4454,,
4449,2212.4504,,
4450,574.07764,,
4451,854.15753,,
4452,1561.5634,,
4453,1133.5607,,
4454,3145.468,,
4455,361.63846,,
4456,1061.8573,,
4457,1135.0791,,
4458,1323.2744,,
4459,1012.3376,,
4460,1776.4099,,
4461,3524.599,,
4462,4828.8696,,
4463,522.26434,,
4464,3006.0173,,
4465,2133.8135,,
4466,2237.918,,
4467,2016.7296,,
4468,662.1784,,
4469,1160.2858,,
4470,2495.1455,,
4471,652.4751,,
4472,1112.6884,,
4473,4993.013,,
4474,1159.1564,,
4475,2312.691,,
4476,3697.243,,
4477,1067.4639,,
4478,1275.5428,,
4479,1498.4407,,
4480,305.9186,,
4481,1220.1827,,
4482,2225.5527,,
4483,3068.552,,
4484,332.68027,,
4485,1886.2312,,
4486,2658.3132,,
4487,2806.8792,,
4488,3219.675,,
4489,1656.835,,
4490,2856.468,,
4491,2862.0056,,
4492,3923.6511,,
4493,1417.373,,
4494,1094.2753,,
4495,2519.123,,
4496,466.2516,,
4497,4438.0396,,
4498,3506.4927,,
4499,3030.4768,,
4500,2576.635,,
4501,2324.273,,
4502,1283.275,,
4503,5122.085,,
4504,4809.401,,
4505,432.46362,,
4506,2276.5066,,
4507,2860.294,,
4508,6211.3403,,
4509,1995.2662,,
4510,3562.0598,,
4511,263.46994,,
4512,3892.951,,
4513,4561.3745,,
4514,2660.9753,,
4515,749.83636,,
4516,1298.6873,,
4517,3907.7146,,
4518,2983.9417,,
4519,4335.51,,
4520,2026.6439,,
4521,1303.6,,
4522,1347.392,,
4523,4564.621,,
4524,2045.4556,,
4525,1713.6832,,
4526,3927.2842,,
4527,3840.9038,,
4528,3804.4004,,
4529,5570.0713,,
4530,541.4713,,
4531,1204.6958,,
4532,672.1552,,
4533,4197.0527,,
4534,191.13551,,
4535,1398.7517,,
4536,2654.5837,,
4537,859.40326,,
4538,2144.2349,,
4539,2881.1653,,
4540,2775.968,,
4541,1779.6399,,
4542,881.21716,,
4543,557.5061,,
4544,2420.8264,,
4545,175.54985,,
4546,5038.49,,
4547,1958.3866,,
4548,1690.8894,,
4549,294.19113,,
4550,2923.4917,,
4551,228.82703,,
4552,2286.4087,,
4553,3233.094,,
4554,1970.5127,,
4555,2435.658,,
4556,6243.907,,
4557,878.1823,,
4558,3266.7678,,
4559,1989.8118,,
4560,2413.2388,,
4561,268.0891,,
4562,718.69135,,
4563,3620.8257,,
4564,2406.4902,,
4565,3786.758,,
4566,4518.7856,,
4567,2560.9832,,
4568,3278.6523,,
4569,4502.579,,
4570,4770.455,,
4571,315.52936,,
4572,4069.4363,,
4573,2643.3186,,
4574,1216.3206,,
4575,323.02148,,
4576,5193.9497,,
4577,608.9943,,
4578,2295.7632,,
4579,677.5559,,
4580,4543.2896,,
4581,3222.4324,,
4582,1575.3162,,
4583,3613.1182,,
4584,2216.5674,,
4585,2452.7178,,
4586,5669.5415,,
4587,3992.335,,
4588,2342.6057,,
4589,1631.2178,,
4590,508.13028,,
4591,95.677956,,
4592,4575.386,,
4593,5767.0464,,
4594,1831.2153,,
4595,2587.2466,,
4596,2209.4336,,
4597,2610.8542,,
4598,1754.0017,,
4599,1272.4775,,
4600,1587.3848,,
4601,4037.4885,,
4602,2707.574,,
4603,1609.3948,,
4604,1150.269,,
4605,2932.0247,,
4606,2226.3757,,
4607,1256.2513,,
4608,3205.121,,
4609,2248.1292,,
4610,5375.65,,
4611,2287.7852,,
4612,1651.75,,
4613,2042.5104,,
4614,647.797,,
4615,2730.4685,,
4616,1037.2322,,
4617,1959.4232,,
4618,4210.7197,,
4619,658.69556,,
4620,722.0243,,
4621,3643.4448,,
4622,5046.517,,
4623,2074.9355,,
4624,1057.4996,,
4625,4094.6104,,
4626,444.97418,,
4627,4578.7183,,
4628,2562.8147,,
4629,2196.2239,,
4630,2359.2493,,
4631,325.98053,,
4632,298.11148,,
4633,1480.4313,,
4634,3306.811,,
4635,2465.9775,,
4636,3505.3582,,
4637,653.6498,,
4638,2808.2693,,
4639,2837.7559,,
4640,-31.872099,,
4641,3196.193,,
4642,1206.322,,
4643,3828.6367,,
4644,4404.774,,
4645,2164.3152,,
4646,2618.7927,,
4647,3284.601,,
4648,1668.4589,,
4649,1483.3424,,
4650,719.0491,,
4651,612.0484,,
4652,1307.952,,
4653,779.50183,,
4654,294.64005,,
4655,676.9207,,
4656,3277.5144,,
4657,1491.3914,,
4658,1264.0641,,
4659,872.5336,,
4660,383.61496,,
4661,3571.3606,,
4662,1256.0332,,
4663,3249.4075,,
4664,1364.742,,
4665,526.0971,,
4666,2876.11,,
4667,1500.9204,,
4668,2794.5396,,
4669,869.6254,,
4670,1659.8271,,
4671,5.199312,,
4672,65.99067,,
4673,4204.155,,
4674,254.01218,,
4675,2605.508,,
4676,744.50934,,
4677,1568.3138,,
4678,1026.2454,,
4679,3175.7317,,
4680,2665.5977,,
4681,1735.74,,
4682,675.7095,,
4683,210.65987,,
4684,1957.9648,,
4685,167.8646,,
4686,1467.7244,,
4687,601.82007,,
4688,3114.3135,,
4689,756.17017,,
4690,624.80396,,
4691,3061.072,,
4692,1658.5034,,
4693,3813.3325,,
4694,3471.3813,,
4695,1792.9691,,
4696,3040.422,,
4697,1827.092,,
4698,2384.4778,,
4699,2378.6975,,
4700,3023.7732,,
4701,665.3586,,
4702,2479.7922,,
4703,1365.9249,,
4704,3092.1482,,
4705,840.1825,,
4706,820.79114,,
4707,4050.4646,,
4708,343.65277,,
4709,2381.2327,,
4710,2352.0342,,
4711,3419.4556,,
4712,1035.2054,,
4713,132.31068,,
4714,2198.3564,,
4715,3143.1956,,
4716,2566.4717,,
4717,2319.426,,
4718,1675.3958,,
4719,374.95346,,
4720,2490.485,,
4721,4299.987,,
4722,33.25683,,
4723,3767.2085,,
4724,2614.577,,
4725,3445.289,,
4726,307.626,,
4727,145.90546,,
4728,1982.6146,,
4729,3224.0623,,
4730,2135.998,,
4731,1363.9727,,
4732,3251.9233,,
4733,243.46513,,
4734,1356.3152,,
4735,1497.2036,,
4736,700.4244,,
4737,2133.8328,,
4738,1690.7648,,
4739,2590.058,,
4740,3202.0698,,
4741,-145.68756,,
4742,1722.4918,,
4743,4223.856,,
4744,3412.975,,
4745,1091.4429,,
4746,3516.0723,,
4747,2859.144,,
4748,2767.995,,
4749,3427.2263,,
4750,3929.3713,,
4751,819.3842,,
4752,3481.8958,,
4753,2527.066,,
4754,3317.2256,,
4755,-57.15112,,
4756,1905.7747,,
4757,1728.087,,
4758,3325.0098,,
4759,2075.0093,,
4760,731.81616,,
4761,5821.288,,
4762,1047.7574,,
4763,747.3957,,
4764,1859.5701,,
4765,233.03323,,
4766,3251.676,,
4767,3839.4614,,
4768,2242.0288,,
4769,859.6079,,
4770,244.51834,,
4771,2895.1235,,
4772,-8.246422,,
4773,611.1732,,
4774,2829.0735,,
4775,220.58673,,
4776,2756.2463,,
4777,2019.3784,,
4778,1362.9762,,
4779,402.9913,,
4780,357.84756,,
4781,2670.1765,,
4782,2233.5906,,
4783,1530.2432,,
4784,774.411,,
4785,4118.901,,
4786,3231.7937,,
4787,3879.9768,,
4788,1907.8413,,
4789,3010.815,,
4790,3884.8716,,
4791,644.35254,,
4792,1913.7606,,
4793,2393.16,,
4794,1982.7507,,
4795,3434.5576,,
4796,4117.3984,,
4797,1410.8981,,
4798,3484.2126,,
4799,651.2886,,
4800,8250.948,,
4801,912.36743,,
4802,3947.1458,,
4803,240.78293,,
4804,274.47754,,
4805,2847.0977,,
4806,181.55966,,
4807,2234.347,,
4808,1942.8339,,
4809,1849.0161,,
4810,5015.044,,
4811,1638.0763,,
4812,257.83664,,
4813,2715.9224,,
4814,1856.0831,,
4815,2458.0906,,
4816,1230.3107,,
4817,1342.7056,,
4818,3397.3372,,
4819,2184.3145,,
4820,234.61815,,
4821,2202.4712,,
4822,1764.896,,
4823,1237.8619,,
4824,370.54593,,
4825,4073.4617,,
4826,1292.0708,,
4827,1859.1067,,
4828,1276.4998,,
4829,1736.6821,,
4830,246.2285,,
4831,3571.1904,,
4832,966.3137,,
4833,536.9354,,
4834,2437.455,,
4835,2327.2847,,
4836,4842.029,,
4837,308.80902,,
4838,3170.5886,,
4839,3524.0325,,
4840,2827.34,,
4841,2208.663,,
4842,202.77013,,
4843,2785.2878,,
4844,1257.2476,,
4845,3067.4148,,
4846,405.16965,,
4847,3476.3574,,
4848,3575.6714,,
4849,2150.9019,,
4850,3028.2886,,
4851,2937.6409,,
4852,2115.5874,,
4853,1800.9727,,
4854,426.72342,,
4855,2303.9236,,
4856,2532.2202,,
4857,2615.5884,,
4858,772.35364,,
4859,3928.5513,,
4860,2498.7554,,
4861,3780.7227,,
4862,1295.6976,,
4863,3533.174,,
4864,725.8049,,
4865,2348.8916,,
4866,4640.407,,
4867,5372.406,,
4868,2533.1187,,
4869,1540.6038,,
4870,841.9177,,
4871,678.058,,
4872,6593.454,,
4873,2065.2578,,
4874,4280.165,,
4875,1876.5835,,
4876,2250.0596,,
4877,1283.3132,,
4878,194.6348,,
4879,1864.0322,,
4880,560.41907,,
4881,1966.1602,,
4882,729.9587,,
4883,4737.041,,
4884,1303.4865,,
4885,2473.2883,,
4886,4432.7456,,
4887,2684.9915,,
4888,-178.64732,,
4889,3998.5522,,
4890,1500.8834,,
4891,1640.7771,,
4892,3068.083,,
4893,2806.219,,
4894,1642.4916,,
4895,2160.4368,,
4896,1381.8582,,
4897,3543.395,,
4898,3530.1306,,
4899,1525.7776,,
4900,1975.6301,,
4901,3586.0652,,
4902,220.4224,,
4903,1704.606,,
4904,4364.1025,,
4905,4041.873,,
4906,379.83878,,
4907,1399.7078,,
4908,929.8084,,
4909,2291.9775,,
4910,4164.194,,
4911,4409.6113,,
4912,2436.9624,,
4913,3550.0698,,
4914,293.7537,,
4915,1411.1298,,
4916,1805.362,,
4917,247.92566,,
4918,2875.1936,,
4919,172.6159,,
4920,2457.3665,,
4921,7634.6484,,
4922,1564.7909,,
4923,4074.7756,,
4924,2872.5344,,
4925,2219.7556,,
4926,721.04047,,
4927,1946.8228,,
4928,190.52623,,
4929,4819.441,,
4930,417.18512,,
4931,4730.267,,
4932,3930.852,,
4933,2306.1882,,
4934,2402.026,,
4935,583.9651,,
4936,2577.2424,,
4937,1918.3427,,
4938,2041.5271,,
4939,3651.8943,,
4940,2496.541,,
4941,1256.7677,,
4942,2242.0835,,
4943,2117.6057,,
4944,2059.2627,,
4945,1708.5723,,
4946,1797.1898,,
4947,2913.725,,
4948,967.5592,,
4949,741.80566,,
4950,3163.8425,,
4951,2618.4048,,
4952,2246.7349,,
4953,1541.7584,,
4954,2208.9937,,
4955,2520.7644,,
4956,2360.2903,,
4957,2959.11,,
4958,277.5294,,
4959,204.10406,,
4960,1436.2839,,
4961,1525.1014,,
4962,2206.8281,,
4963,1643.5015,,
4964,759.0753,,
4965,1530.6439,,
4966,261.63535,,
4967,2149.659,,
4968,6019.3794,,
4969,752.5758,,
4970,1173.485,,
4971,207.64305,,
4972,1355.6357,,
4973,1855.0189,,
4974,2872.2852,,
4975,973.6327,,
4976,318.44128,,
4977,943.9435,,
4978,1811.0227,,
4979,1915.8595,,
4980,3089.456,,
4981,3499.4155,,
4982,1415.2495,,
4983,947.3385,,
4984,2303.492,,
4985,118.96656,,
4986,2613.6245,,
4987,2190.9863,,
4988,1785.298,,
4989,692.51733,,
4990,1183.851,,
4991,4580.479,,
4992,613.04083,,
4993,814.7317,,
4994,3784.9983,,
4995,357.40482,,
4996,1717.3531,,
4997,2081.6,,
4998,-231.254,,
4999,316.38544,,
5000,448.19244,,
5001,1345.6753,,
5002,1461.4579,,
5003,1472.0698,,
5004,1425.8689,,
5005,1007.69653,,
5006,1112.8171,,
5007,1278.7092,,
5008,639.7954,,
5009,2318.7847,,
5010,1345.7875,,
5011,1655.2476,,
5012,1071.5166,,
5013,3533.3374,,
5014,4766.107,,
5015,1387.0231,,
5016,170.70927,,
5017,4288.4614,,
5018,914.5307,,
5019,990.3428,,
5020,886.7474,,
5021,1156.6262,,
5022,784.7968,,
5023,2383.0056,,
5024,1738.2534,,
5025,2048.1973,,
5026,340.0275,,
5027,234.24301,,
5028,1332.8679,,
5029,1791.5184,,
5030,2000.1973,,
5031,0.059430238,,
5032,2002.508,,
5033,1469.73,,
5034,1543.1445,,
5035,4941.369,,
5036,3809.5981,,
5037,4645.2065,,
5038,1942.0636,,
5039,1131.7281,,
5040,3887.0251,,
5041,4194.455,,
5042,4225.5933,,
5043,511.33356,,
5044,2709.962,,
5045,2726.3472,,
5046,424.45782,,
5047,675.9305,,
5048,2079.8938,,
5049,3356.6636,,
5050,4701.9707,,
5051,204.84076,,
5052,1117.5491,,
5053,4345.171,,
5054,559.29974,,
5055,3356.9292,,
5056,4277.5093,,
5057,3446.4158,,
5058,810.38104,,
5059,3201.5679,,
5060,3961.8264,,
5061,267.61136,,
5062,3272.5178,,
5063,3037.1384,,
5064,1812.1061,,
5065,2087.4727,,
5066,4077.1697,,
5067,2334.3608,,
5068,1511.4694,,
5069,2104.3347,,
5070,2248.9126,,
5071,50.88271,,
5072,631.7712,,
5073,1261.3384,,
5074,2757.1572,,
5075,1743.0021,,
5076,3442.8997,,
5077,3298.0625,,
5078,5111.7417,,
5079,5958.952,,
5080,1405.5964,,
5081,2249.1294,,
5082,768.28595,,
5083,3836.2212,,
5084,3457.8118,,
5085,2326.734,,
5086,3594.8628,,
5087,2762.0806,,
5088,238.68542,,
5089,1982.6937,,
5090,3414.855,,
5091,1907.764,,
5092,3653.7048,,
5093,1385.0411,,
5094,3736.027,,
5095,2784.7383,,
5096,2058.243,,
5097,2133.4473,,
5098,173.98541,,
5099,1950.5496,,
5100,2455.988,,
5101,876.49524,,
5102,167.39302,,
5103,3757.7827,,
5104,2906.2183,,
5105,565.8168,,
5106,434.21445,,
5107,2243.5625,,
5108,3063.1384,,
5109,662.0137,,
5110,1310.4506,,
5111,1801.8964,,
5112,128.41971,,
5113,1869.894,,
5114,416.9676,,
5115,798.799,,
5116,286.10938,,
5117,2682.5115,,
5118,648.02856,,
5119,3314.0474,,
5120,200.23601,,
5121,321.40836,,
5122,499.8453,,
5123,989.9245,,
5124,1485.5945,,
5125,1508.3778,,
5126,1672.3854,,
5127,1188.4805,,
5128,5620.9097,,
5129,2434.4624,,
5130,2279.5525,,
5131,2551.1802,,
5132,2133.1362,,
5133,895.29553,,
5134,4473.8086,,
5135,3296.8713,,
5136,3612.2798,,
5137,2350.11,,
5138,1790.9008,,
5139,3779.6501,,
5140,2863.2427,,
5141,2407.449,,
5142,2260.3262,,
5143,719.96594,,
5144,3276.8674,,
5145,1533.3461,,
5146,1957.3785,,
5147,3858.0903,,
5148,1210.427,,
5149,3815.1675,,
5150,2780.1409,,
5151,4411.3154,,
5152,6282.3276,,
5153,1997.116,,
5154,3128.068,,
5155,744.50934,,
5156,2740.666,,
5157,79.59516,,
5158,2058.7666,,
5159,1851.5469,,
5160,2404.8533,,
5161,3328.8655,,
5162,1918.6781,,
5163,4661.7324,,
5164,3209.6482,,
5165,1095.2769,,
5166,1039.3861,,
5167,410.83133,,
5168,443.96536,,
5169,1889.1182,,
5170,1470.9961,,
5171,1666.8717,,
5172,2808.9993,,
5173,4681.4385,,
5174,1403.497,,
5175,310.42755,,
5176,3055.7427,,
5177,1355.4855,,
5178,2715.02,,
5179,1452.7753,,
5180,255.46985,,
5181,1230.7695,,
5182,638.07214,,
5183,2490.4922,,
5184,1232.906,,
5185,1401.3055,,
5186,2022.6971,,
5187,2019.1141,,
5188,2614.682,,
5189,4585.1187,,
5190,270.45956,,
5191,1270.1782,,
5192,1847.963,,
5193,2409.3093,,
5194,4569.8447,,
5195,1829.5756,,
5196,917.00684,,
5197,351.95398,,
5198,565.86597,,
5199,4486.9565,,
5200,2764.589,,
5201,1720.2343,,
5202,1203.3416,,
5203,879.3983,,
5204,3155.3025,,
5205,1768.1608,,
5206,3654.2314,,
5207,2623.4026,,
5208,162.96661,,
5209,3065.728,,
5210,1433.2576,,
5211,6085.8906,,
5212,366.4645,,
5213,2190.0974,,
5214,1620.5251,,
5215,2556.5825,,
5216,1365.1191,,
5217,4938.4414,,
5218,2767.732,,
5219,3307.3638,,
5220,3876.858,,
5221,1136.3864,,
5222,4961.01,,
5223,229.25734,,
5224,2733.674,,
5225,2545.2205,,
5226,630.04834,,
5227,1245.0596,,
5228,3473.7852,,
5229,667.35394,,
5230,4121.9043,,
5231,641.2754,,
5232,2441.8203,,
5233,2709.9163,,
5234,3530.218,,
5235,1622.6111,,
5236,2076.8198,,
5237,2335.5986,,
5238,2041.0157,,
5239,2095.4324,,
5240,2421.2485,,
5241,3460.6409,,
5242,3060.6858,,
5243,2154.0955,,
5244,3944.7268,,
5245,2650.729,,
5246,726.84705,,
5247,255.63138,,
5248,965.08636,,
5249,330.32678,,
5250,2982.9688,,
5251,2341.7197,,
5252,5373.6147,,
5253,3058.9492,,
5254,4702.724,,
5255,3328.367,,
5256,3455.4065,,
5257,5336.3115,,
5258,3370.1274,,
5259,1269.9718,,
5260,878.37805,,
5261,2697.663,,
5262,521.1559,,
5263,416.86975,,
5264,822.73,,
5265,1638.2667,,
5266,3753.6184,,
5267,687.9968,,
5268,886.7474,,
5269,1693.7423,,
5270,786.47174,,
5271,1336.941,,
5272,4469.304,,
5273,6295.3843,,
5274,2973.5095,,
5275,849.4835,,
5276,3337.8813,,
5277,167.17603,,
5278,2531.337,,
5279,1649.5442,,
5280,1797.4603,,
5281,744.9594,,
5282,2131.3547,,
5283,3311.1196,,
5284,1591.981,,
5285,3194.8267,,
5286,3698.6252,,
5287,1356.97,,
5288,450.9812,,
5289,1325.7179,,
5290,525.9667,,
5291,669.66394,,
5292,2829.4338,,
5293,140.76805,,
5294,3149.159,,
5295,2681.5034,,
5296,3704.9392,,
5297,2188.4758,,
5298,1342.9854,,
5299,1477.0192,,
5300,1248.0035,,
5301,3471.0808,,
5302,2659.1482,,
5303,504.9113,,
5304,237.85602,,
5305,4554.959,,
5306,3371.3828,,
5307,1769.5082,,
5308,496.80432,,
5309,90.379364,,
5310,3099.067,,
5311,1157.4989,,
5312,753.4006,,
5313,3235.168,,
5314,1729.2217,,
5315,4486.5933,,
5316,859.04504,,
5317,143.15627,,
5318,2476.6743,,
5319,1988.7295,,
5320,5551.13,,
5321,1516.3784,,
5322,3783.3818,,
5323,1382.3666,,
5324,3981.2202,,
5325,1722.3292,,
5326,2984.4626,,
5327,204.3123,,
5328,5959.057,,
5329,314.2247,,
5330,3108.306,,
5331,3067.9307,,
5332,2762.5554,,
5333,932.89355,,
5334,2686.3833,,
5335,459.25955,,
5336,253.51584,,
5337,1736.1006,,
5338,4313.899,,
5339,3378.8533,,
5340,1910.4923,,
5341,2039.6879,,
5342,3322.9832,,
5343,1493.4235,,
5344,2701.3203,,
5345,2816.502,,
5346,1159.7771,,
5347,2916.2585,,
5348,5595.0317,,
5349,2472.4204,,
5350,546.7247,,
5351,1456.1921,,
5352,2208.1753,,
5353,2220.4526,,
5354,2193.5044,,
5355,4113.452,,
5356,1739.3267,,
5357,182.05417,,
5358,2210.7214,,
5359,2113.1982,,
5360,2818.2378,,
5361,3182.3494,,
5362,237.87622,,
5363,1716.855,,
5364,2836.5127,,
5365,1714.4087,,
5366,1944.3644,,
5367,1890.9316,,
5368,1948.7814,,
5369,1857.7117,,
5370,133.64801,,
5371,3596.3389,,
5372,442.9642,,
5373,4285.2163,,
5374,2075.5881,,
5375,2297.273,,
5376,896.43744,,
5377,659.4537,,
5378,1077.4177,,
5379,6985.3286,,
5380,2145.571,,
5381,6133.0713,,
5382,3123.1003,,
5383,1267.2206,,
5384,1840.9564,,
5385,2665.2026,,
5386,3968.9663,,
5387,3265.552,,
5388,345.18927,,
5389,4751.6665,,
5390,2820.8745,,
5391,1968.8641,,
5392,267.81705,,
5393,2186.8362,,
5394,2951.264,,
5395,5248.801,,
5396,1332.6086,,
5397,2764.7705,,
5398,473.87363,,
5399,1498.7004,,
5400,3123.674,,
5401,2774.1592,,
5402,1288.9515,,
5403,1838.9797,,
5404,1074.7256,,
5405,2682.7512,,
5406,3245.5789,,
5407,3095.8975,,
5408,2410.3384,,
5409,1725.2411,,
5410,4139.2935,,
5411,2921.269,,
5412,3153.539,,
5413,104.85918,,
5414,1761.1039,,
5415,1498.716,,
5416,600.3459,,
5417,2824.7258,,
5418,4405.5894,,
5419,1087.5895,,
5420,2402.8682,,
5421,2132.6191,,
5422,1493.0106,,
5423,166.37093,,
5424,1990.7587,,
5425,2896.882,,
5426,4391.6016,,
5427,235.29002,,
5428,3134.0684,,
5429,1704.624,,
5430,1992.0052,,
5431,8017.571,,
5432,1830.7378,,
5433,4138.062,,
5434,1161.6062,,
5435,342.19812,,
5436,3131.5918,,
5437,3681.3848,,
5438,2501.7246,,
5439,1409.2667,,
5440,624.784,,
5441,4547.286,,
5442,715.0259,,
5443,2696.3157,,
5444,71.06896,,
5445,797.6503,,
5446,989.2259,,
5447,3113.722,,
5448,2929.954,,
5449,3035.7498,,
5450,177.1466,,
5451,2665.054,,
5452,2363.7625,,
5453,3057.6426,,
5454,4589.863,,
5455,597.8721,,
5456,3450.8152,,
5457,3944.6768,,
5458,225.55743,,
5459,5717.6787,,
5460,3157.115,,
5461,2079.3684,,
5462,556.2381,,
5463,2474.7214,,
5464,2428.6792,,
5465,296.35773,,
5466,542.2707,,
5467,3002.7869,,
5468,3102.6013,,
5469,235.11876,,
5470,2972.1404,,
5471,4174.1523,,
5472,524.2467,,
5473,1587.116,,
5474,3929.2866,,
5475,292.9447,,
5476,1497.6439,,
5477,3674.2788,,
5478,179.39525,,
5479,3005.8477,,
5480,2155.6387,,
5481,4096.134,,
5482,494.41507,,
5483,2992.2336,,
5484,921.1996,,
5485,3002.1667,,
5486,2587.6343,,
5487,76.08135,,
5488,2955.6592,,
5489,1731.3124,,
5490,228.2656,,
5491,3203.5674,,
5492,1647.4237,,
5493,901.0039,,
5494,1111.3562,,
5495,2535.226,,
5496,4424.7305,,
5497,2809.687,,
5498,2567.4304,,
5499,1697.6073,,
5500,3533.0557,,
5501,1696.1686,,
5502,2069.0854,,
5503,1389.2054,,
5504,3041.5435,,
5505,1600.2886,,
5506,4471.355,,
5507,3174.0203,,
5508,1415.0256,,
5509,2643.7063,,
5510,1568.9586,,
5511,1779.2513,,
5512,2338.7688,,
5513,1814.2467,,
5514,224.79108,,
5515,3780.8313,,
5516,1622.1057,,
5517,2941.4338,,
5518,694.96063,,
5519,4450.3286,,
5520,1967.664,,
5521,994.9073,,
5522,758.14856,,
5523,6622.468,,
5524,612.0848,,
5525,2396.199,,
5526,2711.553,,
5527,1890.3748,,
5528,3201.6792,,
5529,1385.3175,,
5530,2312.7734,,
5531,2505.302,,
5532,2870.694,,
5533,4164.2646,,
5534,3199.0603,,
5535,2092.9177,,
5536,1616.1586,,
5537,2104.788,,
5538,1694.0828,,
5539,1324.3812,,
5540,702.8669,,
5541,4439.222,,
5542,2935.1016,,
5543,2425.0295,,
5544,2178.5981,,
5545,782.2517,,
5546,240.77661,,
5547,1527.5543,,
5548,3074.5552,,
5549,1260.3766,,
5550,2644.749,,
5551,37.93854,,
5552,1422.5085,,
5553,2602.9963,,
5554,3405.0889,,
5555,805.2161,,
5556,1016.08777,,
5557,997.71484,,
5558,2329.087,,
5559,2462.5254,,
5560,679.8187,,
5561,2283.6145,,
5562,1928.9094,,
5563,5163.1523,,
5564,1859.66,,
5565,2286.5935,,
5566,3446.2795,,
5567,3360.228,,
5568,1562.9038,,
5569,1332.8688,,
5570,1877.1586,,
5571,3301.185,,
5572,310.08337,,
5573,1923.6008,,
5574,3234.784,,
5575,653.8885,,
5576,3098.2852,,
5577,2428.679,,
5578,538.7086,,
5579,1621.6287,,
5580,479.05927,,
5581,2698.191,,
5582,2114.725,,
5583,317.4575,,
5584,586.1586,,
5585,1254.3711,,
5586,3380.1719,,
5587,794.7701,,
5588,4216.605,,
5589,3343.1863,,
5590,3245.406,,
5591,2499.4446,,
5592,2072.7068,,
5593,3256.4053,,
5594,2694.0168,,
5595,5441.7715,,
5596,1287.417,,
5597,2016.4432,,
5598,2634.183,,
5599,955.0946,,
5600,221.5358,,
5601,3126.0684,,
5602,1974.284,,
5603,3337.9268,,
5604,2868.502,,
5605,2255.8328,,
5606,2475.7634,,
5607,2847.9424,,
5608,3494.532,,
5609,7039.7007,,
5610,4088.975,,
5611,2988.7363,,
5612,336.2631,,
5613,4416.63,,
5614,3001.8313,,
5615,8515.713,,
5616,2722.0806,,
5617,1464.2991,,
5618,911.2902,,
5619,2504.7737,,
5620,4843.7383,,
5621,1300.8032,,
5622,2959.0337,,
5623,3437.8354,,
5624,3085.5347,,
5625,3492.5933,,
5626,3773.2825,,
5627,5196.2817,,
5628,1807.803,,
5629,1253.8243,,
5630,2897.186,,
5631,2648.8145,,
5632,2890.0928,,
5633,2983.5916,,
5634,3040.2822,,
5635,3107.3936,,
5636,1518.5935,,
5637,3279.689,,
5638,1975.6998,,
5639,1957.2146,,
5640,1513.7704,,
5641,857.92633,,
5642,2294.3167,,
5643,400.77597,,
5644,3202.2988,,
5645,851.4694,,
5646,3037.1553,,
5647,554.1457,,
5648,4934.292,,
5649,996.9684,,
5650,198.3084,,
5651,3186.008,,
5652,1913.3889,,
5653,1276.3071,,
5654,2900.7874,,
5655,3803.5862,,
5656,6733.825,,
5657,5584.028,,
5658,2509.7175,,
5659,4238.4214,,
5660,2321.1438,,
5661,4771.637,,
5662,2960.1404,,
5663,1079.584,,
5664,2534.4868,,
5665,1060.1917,,
5666,2727.5723,,
5667,1218.989,,
5668,389.70853,,
5669,5138.753,,
5670,5216.0615,,
5671,801.0049,,
5672,5337.5034,,
5673,1864.2944,,
5674,856.5397,,
5675,1095.0868,,
5676,1885.5687,,
5677,3034.51,,
5678,1764.9663,,
5679,5112.7114,,
5680,1558.3314,,
